{"overall_f1": 0.47619047619047616, "overall_precision": 0.5263157894736842, "overall_recall": 0.43478260869565216, "event_type_f1": 0.5454545454545454, "event_type_precision": 0.6, "event_type_recall": 0.5, "argument_f1": 0.45161290322580644, "argument_precision": 0.7, "argument_recall": 0.3333333333333333, "event_type_metrics_per_class": {"attack": {"f1": 0.4, "precision": 0.5, "recall": 0.3333333333333333}, "bombing": {"f1": 0.6666666666666666, "precision": 1.0, "recall": 0.5}, "kidnapping": {"f1": 0.6666666666666666, "precision": 0.5, "recall": 1.0}, "arson": {"f1": 0.0, "precision": 0.0, "recall": 0.0}, "forced work stoppage": {"f1": 0.0, "precision": 0.0, "recall": 0.0}, "robbery": {"f1": 0.0, "precision": 0.0, "recall": 0.0}}, "argument_type_metrics_per_class": {"PerpInd": {"f1": 0.5, "precision": 1.0, "recall": 0.3333333333333333}, "PerpOrg": {"f1": 0.5714285714285715, "precision": 1.0, "recall": 0.4}, "Target": {"f1": 0.0, "precision": 0.0, "recall": 0.0}, "Victim": {"f1": 0.3333333333333333, "precision": 0.3333333333333333, "recall": 0.3333333333333333}, "Weapon": {"f1": 0.6666666666666666, "precision": 1.0, "recall": 0.5}, "Triggers": {"f1": 0.15384615384615383, "precision": 0.25, "recall": 0.1111111111111111}}}