{"overall_f1": 0.5714285714285714, "overall_precision": 0.8333333333333334, "overall_recall": 0.43478260869565216, "event_type_f1": 0.6153846153846153, "event_type_precision": 1.0, "event_type_recall": 0.4444444444444444, "argument_f1": 0.5454545454545454, "argument_precision": 0.75, "argument_recall": 0.42857142857142855, "event_type_metrics_per_class": {"attack": {"f1": 0.4444444444444445, "precision": 1.0, "recall": 0.2857142857142857}, "bombing": {"f1": 1.0, "precision": 1.0, "recall": 1.0}, "kidnapping": {"f1": 0.0, "precision": 0.0, "recall": 0.0}, "arson": {"f1": 0.0, "precision": 0.0, "recall": 0.0}, "forced work stoppage": {"f1": 0.0, "precision": 0.0, "recall": 0.0}, "robbery": {"f1": 0.0, "precision": 0.0, "recall": 0.0}}, "argument_type_metrics_per_class": {"PerpInd": {"f1": 0.5, "precision": 0.6666666666666666, "recall": 0.4}, "PerpOrg": {"f1": 0.0, "precision": 0.0, "recall": 0.0}, "Target": {"f1": 0.75, "precision": 0.75, "recall": 0.75}, "Victim": {"f1": 0.5, "precision": 1.0, "recall": 0.3333333333333333}, "Weapon": {"f1": 0.0, "precision": 0.0, "recall": 0.0}, "Triggers": {"f1": 0.4444444444444445, "precision": 1.0, "recall": 0.2857142857142857}}}