{"overall_f1": 0.25925925925925924, "overall_precision": 0.6666666666666666, "overall_recall": 0.16091954022988506, "event_type_f1": 0.32258064516129037, "event_type_precision": 1.0, "event_type_recall": 0.19230769230769232, "argument_f1": 0.23376623376623376, "argument_precision": 0.8181818181818182, "argument_recall": 0.13636363636363635, "event_type_metrics_per_class": {"attack": {"f1": 0.25, "precision": 1.0, "recall": 0.14285714285714285}, "bombing": {"f1": 0.5454545454545454, "precision": 1.0, "recall": 0.375}, "kidnapping": {"f1": 0.0, "precision": 0.0, "recall": 0.0}, "arson": {"f1": 0.0, "precision": 0.0, "recall": 0.0}, "forced work stoppage": {"f1": 0.0, "precision": 0.0, "recall": 0.0}, "robbery": {"f1": 0.0, "precision": 0.0, "recall": 0.0}}, "argument_type_metrics_per_class": {"PerpInd": {"f1": 0.3076923076923077, "precision": 0.8, "recall": 0.19047619047619047}, "PerpOrg": {"f1": 0.08333333333333334, "precision": 0.5, "recall": 0.045454545454545456}, "Target": {"f1": 0.2857142857142857, "precision": 1.0, "recall": 0.16666666666666666}, "Victim": {"f1": 0.33333333333333337, "precision": 1.0, "recall": 0.2}, "Weapon": {"f1": 0.2857142857142857, "precision": 1.0, "recall": 0.16666666666666666}, "Triggers": {"f1": 0.18604651162790695, "precision": 1.0, "recall": 0.10256410256410256}}}