{"overall_f1": 0.3035714285714286, "overall_precision": 0.68, "overall_recall": 0.19540229885057472, "event_type_f1": 0.375, "event_type_precision": 1.0, "event_type_recall": 0.23076923076923078, "argument_f1": 0.27499999999999997, "argument_precision": 0.7857142857142857, "argument_recall": 0.16666666666666666, "event_type_metrics_per_class": {"attack": {"f1": 0.13333333333333333, "precision": 1.0, "recall": 0.07142857142857142}, "bombing": {"f1": 0.6666666666666666, "precision": 1.0, "recall": 0.5}, "kidnapping": {"f1": 1.0, "precision": 1.0, "recall": 1.0}, "arson": {"f1": 0.0, "precision": 0.0, "recall": 0.0}, "forced work stoppage": {"f1": 0.0, "precision": 0.0, "recall": 0.0}, "robbery": {"f1": 0.0, "precision": 0.0, "recall": 0.0}}, "argument_type_metrics_per_class": {"PerpInd": {"f1": 0.25, "precision": 1.0, "recall": 0.14285714285714285}, "PerpOrg": {"f1": 0.16666666666666669, "precision": 1.0, "recall": 0.09090909090909091}, "Target": {"f1": 0.23529411764705882, "precision": 0.4, "recall": 0.16666666666666666}, "Victim": {"f1": 0.33333333333333337, "precision": 1.0, "recall": 0.2}, "Weapon": {"f1": 0.6666666666666666, "precision": 1.0, "recall": 0.5}, "Triggers": {"f1": 0.13953488372093026, "precision": 0.75, "recall": 0.07692307692307693}}}