{"overall_f1": 0.4155844155844156, "overall_precision": 0.6881720430107527, "overall_recall": 0.29767441860465116, "event_type_f1": 0.5161290322580646, "event_type_precision": 0.9142857142857143, "event_type_recall": 0.3595505617977528, "argument_f1": 0.34782608695652173, "argument_precision": 0.5714285714285714, "argument_recall": 0.25, "event_type_metrics_per_class": {"attack": {"f1": 0.5, "precision": 0.9615384615384616, "recall": 0.33783783783783783}, "bombing": {"f1": 0.8333333333333334, "precision": 0.8333333333333334, "recall": 0.8333333333333334}, "kidnapping": {"f1": 0.5, "precision": 0.6666666666666666, "recall": 0.4}, "arson": {"f1": 0.0, "precision": 0.0, "recall": 0.0}, "forced work stoppage": {"f1": 0.0, "precision": 0.0, "recall": 0.0}, "robbery": {"f1": 0.0, "precision": 0.0, "recall": 0.0}}, "argument_type_metrics_per_class": {"PerpInd": {"f1": 0.3137254901960784, "precision": 0.5714285714285714, "recall": 0.21621621621621623}, "PerpOrg": {"f1": 0.10526315789473684, "precision": 0.5, "recall": 0.058823529411764705}, "Target": {"f1": 0.3846153846153846, "precision": 0.625, "recall": 0.2777777777777778}, "Victim": {"f1": 0.46875, "precision": 0.5555555555555556, "recall": 0.40540540540540543}, "Weapon": {"f1": 0.8, "precision": 0.6666666666666666, "recall": 1.0}, "Triggers": {"f1": 0.29761904761904767, "precision": 0.7352941176470589, "recall": 0.1865671641791045}}}