{"overall_f1": 0.5775862068965517, "overall_precision": 0.5261780104712042, "overall_recall": 0.6401273885350318, "event_type_f1": 0.9152542372881356, "event_type_precision": 1.0, "event_type_recall": 0.84375, "argument_f1": 0.4624277456647399, "argument_precision": 0.7361963190184049, "argument_recall": 0.33707865168539325, "event_type_metrics_per_class": {"attack": {"f1": 0.8648648648648648, "precision": 1.0, "recall": 0.7619047619047619}, "bombing": {"f1": 0.9647058823529412, "precision": 1.0, "recall": 0.9318181818181818}, "kidnapping": {"f1": 0.923076923076923, "precision": 1.0, "recall": 0.8571428571428571}, "arson": {"f1": 1.0, "precision": 1.0, "recall": 1.0}, "forced work stoppage": {"f1": 0.0, "precision": 0.0, "recall": 0.0}, "robbery": {"f1": 0.0, "precision": 0.0, "recall": 0.0}}, "argument_type_metrics_per_class": {"PerpInd": {"f1": 0.4084507042253521, "precision": 0.6444444444444445, "recall": 0.29896907216494845}, "PerpOrg": {"f1": 0.5818181818181818, "precision": 0.8648648648648649, "recall": 0.4383561643835616}, "Target": {"f1": 0.3728813559322034, "precision": 0.7333333333333333, "recall": 0.25}, "Victim": {"f1": 0.47222222222222227, "precision": 0.7083333333333334, "recall": 0.3541666666666667}, "Weapon": {"f1": 0.5194805194805194, "precision": 0.7407407407407407, "recall": 0.4}, "Triggers": {"f1": 0.380952380952381, "precision": 0.4, "recall": 0.36363636363636365}}}