{"overall_f1": 0.4733542319749217, "overall_precision": 0.5807692307692308, "overall_recall": 0.3994708994708995, "event_type_f1": 0.7066666666666667, "event_type_precision": 0.9814814814814815, "event_type_recall": 0.5520833333333334, "argument_f1": 0.40163934426229503, "argument_precision": 0.7424242424242424, "argument_recall": 0.2752808988764045, "event_type_metrics_per_class": {"attack": {"f1": 0.6229508196721312, "precision": 1.0, "recall": 0.4523809523809524}, "bombing": {"f1": 0.7837837837837838, "precision": 0.9666666666666667, "recall": 0.6590909090909091}, "kidnapping": {"f1": 0.7272727272727273, "precision": 1.0, "recall": 0.5714285714285714}, "arson": {"f1": 0.6666666666666666, "precision": 1.0, "recall": 0.5}, "forced work stoppage": {"f1": 0.0, "precision": 0.0, "recall": 0.0}, "robbery": {"f1": 0.0, "precision": 0.0, "recall": 0.0}}, "argument_type_metrics_per_class": {"PerpInd": {"f1": 0.2903225806451613, "precision": 0.6666666666666666, "recall": 0.18556701030927836}, "PerpOrg": {"f1": 0.35555555555555557, "precision": 0.9411764705882353, "recall": 0.2191780821917808}, "Target": {"f1": 0.3816793893129771, "precision": 0.5813953488372093, "recall": 0.2840909090909091}, "Victim": {"f1": 0.5675675675675675, "precision": 0.8076923076923077, "recall": 0.4375}, "Weapon": {"f1": 0.5217391304347826, "precision": 0.9473684210526315, "recall": 0.36}, "Triggers": {"f1": 0.4705882352941177, "precision": 0.6666666666666666, "recall": 0.36363636363636365}}}