{"overall_f1": 0.4744744744744745, "overall_precision": 0.6030534351145038, "overall_recall": 0.3910891089108911, "event_type_f1": 0.6714285714285714, "event_type_precision": 0.9215686274509803, "event_type_recall": 0.5280898876404494, "argument_f1": 0.3316062176165803, "argument_precision": 0.49230769230769234, "argument_recall": 0.25, "event_type_metrics_per_class": {"attack": {"f1": 0.6842105263157895, "precision": 0.975, "recall": 0.527027027027027}, "bombing": {"f1": 0.5454545454545454, "precision": 0.6, "recall": 0.5}, "kidnapping": {"f1": 0.9090909090909091, "precision": 0.8333333333333334, "recall": 1.0}, "arson": {"f1": 0.0, "precision": 0.0, "recall": 0.0}, "forced work stoppage": {"f1": 0.0, "precision": 0.0, "recall": 0.0}, "robbery": {"f1": 0.0, "precision": 0.0, "recall": 0.0}}, "argument_type_metrics_per_class": {"PerpInd": {"f1": 0.2592592592592593, "precision": 0.4117647058823529, "recall": 0.1891891891891892}, "PerpOrg": {"f1": 0.2916666666666667, "precision": 0.5, "recall": 0.20588235294117646}, "Target": {"f1": 0.09523809523809525, "precision": 0.3333333333333333, "recall": 0.05555555555555555}, "Victim": {"f1": 0.48387096774193555, "precision": 0.6, "recall": 0.40540540540540543}, "Weapon": {"f1": 0.5, "precision": 0.3333333333333333, "recall": 1.0}, "Triggers": {"f1": 0.6142857142857143, "precision": 0.8431372549019608, "recall": 0.48314606741573035}}}