{"overall_f1": 0.3894389438943895, "overall_precision": 0.6704545454545454, "overall_recall": 0.2744186046511628, "event_type_f1": 0.4793388429752066, "event_type_precision": 0.90625, "event_type_recall": 0.3258426966292135, "argument_f1": 0.32967032967032966, "argument_precision": 0.5555555555555556, "argument_recall": 0.234375, "event_type_metrics_per_class": {"attack": {"f1": 0.489795918367347, "precision": 1.0, "recall": 0.32432432432432434}, "bombing": {"f1": 0.4, "precision": 0.5, "recall": 0.3333333333333333}, "kidnapping": {"f1": 0.6666666666666665, "precision": 0.75, "recall": 0.6}, "arson": {"f1": 0.0, "precision": 0.0, "recall": 0.0}, "forced work stoppage": {"f1": 0.0, "precision": 0.0, "recall": 0.0}, "robbery": {"f1": 0.0, "precision": 0.0, "recall": 0.0}}, "argument_type_metrics_per_class": {"PerpInd": {"f1": 0.36000000000000004, "precision": 0.6923076923076923, "recall": 0.24324324324324326}, "PerpOrg": {"f1": 0.15384615384615385, "precision": 0.6, "recall": 0.08823529411764706}, "Target": {"f1": 0.09523809523809525, "precision": 0.3333333333333333, "recall": 0.05555555555555555}, "Victim": {"f1": 0.46153846153846156, "precision": 0.5357142857142857, "recall": 0.40540540540540543}, "Weapon": {"f1": 0.5714285714285715, "precision": 0.4, "recall": 1.0}, "Triggers": {"f1": 0.4958677685950413, "precision": 0.9375, "recall": 0.33707865168539325}}}