{"overall_f1": 0.6332046332046333, "overall_precision": 0.5540540540540541, "overall_recall": 0.7387387387387387, "event_type_f1": 0.8378378378378378, "event_type_precision": 0.8857142857142857, "event_type_recall": 0.7948717948717948, "argument_f1": 0.5513513513513514, "argument_precision": 0.8360655737704918, "argument_recall": 0.4112903225806452, "event_type_metrics_per_class": {"attack": {"f1": 0.8148148148148148, "precision": 1.0, "recall": 0.6875}, "bombing": {"f1": 0.8333333333333334, "precision": 0.8333333333333334, "recall": 0.8333333333333334}, "kidnapping": {"f1": 0.888888888888889, "precision": 0.8, "recall": 1.0}, "arson": {"f1": 1.0, "precision": 1.0, "recall": 1.0}, "forced work stoppage": {"f1": 0.0, "precision": 0.0, "recall": 0.0}, "robbery": {"f1": 0.0, "precision": 0.0, "recall": 0.0}}, "argument_type_metrics_per_class": {"PerpInd": {"f1": 0.375, "precision": 0.75, "recall": 0.25}, "PerpOrg": {"f1": 0.5555555555555556, "precision": 1.0, "recall": 0.38461538461538464}, "Target": {"f1": 0.6037735849056604, "precision": 0.9411764705882353, "recall": 0.4444444444444444}, "Victim": {"f1": 0.64, "precision": 0.7272727272727273, "recall": 0.5714285714285714}, "Weapon": {"f1": 0.6341463414634146, "precision": 0.8125, "recall": 0.52}, "Triggers": {"f1": 0.7380952380952381, "precision": 0.8857142857142857, "recall": 0.6326530612244898}}}