{"overall_f1": 0.40590405904059046, "overall_precision": 0.4700854700854701, "overall_recall": 0.35714285714285715, "event_type_f1": 0.5294117647058824, "event_type_precision": 0.6666666666666666, "event_type_recall": 0.43902439024390244, "argument_f1": 0.3645320197044335, "argument_precision": 0.5138888888888888, "argument_recall": 0.2824427480916031, "event_type_metrics_per_class": {"attack": {"f1": 0.3448275862068966, "precision": 0.4166666666666667, "recall": 0.29411764705882354}, "bombing": {"f1": 0.7096774193548387, "precision": 0.9166666666666666, "recall": 0.5789473684210527}, "kidnapping": {"f1": 0.3333333333333333, "precision": 0.5, "recall": 0.25}, "arson": {"f1": 1.0, "precision": 1.0, "recall": 1.0}, "forced work stoppage": {"f1": 0.0, "precision": 0.0, "recall": 0.0}, "robbery": {"f1": 0.0, "precision": 0.0, "recall": 0.0}}, "argument_type_metrics_per_class": {"PerpInd": {"f1": 0.25, "precision": 0.6, "recall": 0.15789473684210525}, "PerpOrg": {"f1": 0.36363636363636365, "precision": 0.5, "recall": 0.2857142857142857}, "Target": {"f1": 0.3529411764705882, "precision": 0.3870967741935484, "recall": 0.32432432432432434}, "Victim": {"f1": 0.48, "precision": 0.6, "recall": 0.4}, "Weapon": {"f1": 0.45, "precision": 0.6923076923076923, "recall": 0.3333333333333333}, "Triggers": {"f1": 0.36363636363636365, "precision": 0.64, "recall": 0.25396825396825395}}}