{"overall_f1": 0.5364238410596026, "overall_precision": 0.49390243902439024, "overall_recall": 0.5869565217391305, "event_type_f1": 0.6987951807228916, "event_type_precision": 0.6904761904761905, "event_type_recall": 0.7073170731707317, "argument_f1": 0.4748858447488584, "argument_precision": 0.5909090909090909, "argument_recall": 0.3969465648854962, "event_type_metrics_per_class": {"attack": {"f1": 0.6206896551724139, "precision": 0.75, "recall": 0.5294117647058824}, "bombing": {"f1": 0.8095238095238095, "precision": 0.7391304347826086, "recall": 0.8947368421052632}, "kidnapping": {"f1": 0.5454545454545454, "precision": 0.42857142857142855, "recall": 0.75}, "arson": {"f1": 0.0, "precision": 0.0, "recall": 0.0}, "forced work stoppage": {"f1": 0.0, "precision": 0.0, "recall": 0.0}, "robbery": {"f1": 0.0, "precision": 0.0, "recall": 0.0}}, "argument_type_metrics_per_class": {"PerpInd": {"f1": 0.37037037037037035, "precision": 0.625, "recall": 0.2631578947368421}, "PerpOrg": {"f1": 0.2608695652173913, "precision": 0.3333333333333333, "recall": 0.21428571428571427}, "Target": {"f1": 0.4799999999999999, "precision": 0.47368421052631576, "recall": 0.4864864864864865}, "Victim": {"f1": 0.5833333333333334, "precision": 0.7777777777777778, "recall": 0.4666666666666667}, "Weapon": {"f1": 0.6511627906976744, "precision": 0.875, "recall": 0.5185185185185185}, "Triggers": {"f1": 0.4042553191489362, "precision": 0.475, "recall": 0.35185185185185186}}}