{"overall_f1": 0.4713375796178344, "overall_precision": 0.3557692307692308, "overall_recall": 0.6981132075471698, "event_type_f1": 0.8666666666666666, "event_type_precision": 0.9285714285714286, "event_type_recall": 0.8125, "argument_f1": 0.37795275590551175, "argument_precision": 0.96, "argument_recall": 0.23529411764705882, "event_type_metrics_per_class": {"attack": {"f1": 0.8571428571428571, "precision": 1.0, "recall": 0.75}, "bombing": {"f1": 1.0, "precision": 1.0, "recall": 1.0}, "kidnapping": {"f1": 0.5, "precision": 0.5, "recall": 0.5}, "arson": {"f1": 1.0, "precision": 1.0, "recall": 1.0}, "forced work stoppage": {"f1": 0.0, "precision": 0.0, "recall": 0.0}, "robbery": {"f1": 0.0, "precision": 0.0, "recall": 0.0}}, "argument_type_metrics_per_class": {"PerpInd": {"f1": 0.3157894736842105, "precision": 1.0, "recall": 0.1875}, "PerpOrg": {"f1": 0.0, "precision": 0.0, "recall": 0.0}, "Target": {"f1": 0.3720930232558139, "precision": 1.0, "recall": 0.22857142857142856}, "Victim": {"f1": 0.5454545454545454, "precision": 1.0, "recall": 0.375}, "Weapon": {"f1": 0.7000000000000001, "precision": 0.875, "recall": 0.5833333333333334}, "Triggers": {"f1": 0.5, "precision": 0.5, "recall": 0.5}}}