{"overall_f1": 0.44171779141104295, "overall_precision": 0.4444444444444444, "overall_recall": 0.43902439024390244, "event_type_f1": 0.8148148148148148, "event_type_precision": 1.0, "event_type_recall": 0.6875, "argument_f1": 0.3676470588235294, "argument_precision": 0.7352941176470589, "argument_recall": 0.24509803921568626, "event_type_metrics_per_class": {"attack": {"f1": 0.6666666666666666, "precision": 1.0, "recall": 0.5}, "bombing": {"f1": 1.0, "precision": 1.0, "recall": 1.0}, "kidnapping": {"f1": 0.6666666666666666, "precision": 1.0, "recall": 0.5}, "arson": {"f1": 1.0, "precision": 1.0, "recall": 1.0}, "forced work stoppage": {"f1": 0.0, "precision": 0.0, "recall": 0.0}, "robbery": {"f1": 0.0, "precision": 0.0, "recall": 0.0}}, "argument_type_metrics_per_class": {"PerpInd": {"f1": 0.3, "precision": 0.75, "recall": 0.1875}, "PerpOrg": {"f1": 0.0, "precision": 0.0, "recall": 0.0}, "Target": {"f1": 0.43137254901960786, "precision": 0.6875, "recall": 0.3142857142857143}, "Victim": {"f1": 0.7142857142857143, "precision": 0.8333333333333334, "recall": 0.625}, "Weapon": {"f1": 0.4, "precision": 1.0, "recall": 0.25}, "Triggers": {"f1": 0.0, "precision": 0.0, "recall": 0.0}}}