{"overall_f1": 0.6102564102564102, "overall_precision": 0.7168674698795181, "overall_recall": 0.53125, "event_type_f1": 0.7922077922077922, "event_type_precision": 0.9384615384615385, "event_type_recall": 0.6853932584269663, "argument_f1": 0.4915254237288136, "argument_precision": 0.5370370370370371, "argument_recall": 0.453125, "event_type_metrics_per_class": {"attack": {"f1": 0.8253968253968255, "precision": 1.0, "recall": 0.7027027027027027}, "bombing": {"f1": 0.7142857142857143, "precision": 0.625, "recall": 0.8333333333333334}, "kidnapping": {"f1": 0.8000000000000002, "precision": 0.8, "recall": 0.8}, "arson": {"f1": 0.0, "precision": 0.0, "recall": 0.0}, "forced work stoppage": {"f1": 0.0, "precision": 0.0, "recall": 0.0}, "robbery": {"f1": 0.0, "precision": 0.0, "recall": 0.0}}, "argument_type_metrics_per_class": {"PerpInd": {"f1": 0.47761194029850745, "precision": 0.5333333333333333, "recall": 0.43243243243243246}, "PerpOrg": {"f1": 0.46428571428571425, "precision": 0.5909090909090909, "recall": 0.38235294117647056}, "Target": {"f1": 0.35294117647058826, "precision": 0.375, "recall": 0.3333333333333333}, "Victim": {"f1": 0.5753424657534246, "precision": 0.5833333333333334, "recall": 0.5675675675675675}, "Weapon": {"f1": 0.6666666666666666, "precision": 0.5, "recall": 1.0}, "Triggers": {"f1": 0.4375, "precision": 0.5384615384615384, "recall": 0.3684210526315789}}}