{"overall_f1": 0.6, "overall_precision": 0.6, "overall_recall": 0.6, "event_type_f1": 0.6666666666666666, "event_type_precision": 0.8, "event_type_recall": 0.5714285714285714, "argument_f1": 0.5555555555555556, "argument_precision": 0.7142857142857143, "argument_recall": 0.45454545454545453, "event_type_metrics_per_class": {"attack": {"f1": 0.8, "precision": 1.0, "recall": 0.6666666666666666}, "bombing": {"f1": 0.6666666666666666, "precision": 0.5, "recall": 1.0}, "kidnapping": {"f1": 1.0, "precision": 1.0, "recall": 1.0}, "arson": {"f1": 0.0, "precision": 0.0, "recall": 0.0}, "forced work stoppage": {"f1": 0.0, "precision": 0.0, "recall": 0.0}, "robbery": {"f1": 0.0, "precision": 0.0, "recall": 0.0}}, "argument_type_metrics_per_class": {"PerpInd": {"f1": 0.28571428571428575, "precision": 0.3333333333333333, "recall": 0.25}, "PerpOrg": {"f1": 0.7499999999999999, "precision": 1.0, "recall": 0.6}, "Target": {"f1": 0.0, "precision": 0.0, "recall": 0.0}, "Victim": {"f1": 1.0, "precision": 1.0, "recall": 1.0}, "Weapon": {"f1": 0.0, "precision": 0.0, "recall": 0.0}, "Triggers": {"f1": 0.25, "precision": 0.25, "recall": 0.25}}}