{"overall_f1": 0.44444444444444436, "overall_precision": 0.7391304347826086, "overall_recall": 0.3177570093457944, "event_type_f1": 0.564516129032258, "event_type_precision": 1.0, "event_type_recall": 0.39325842696629215, "argument_f1": 0.3626373626373626, "argument_precision": 0.6111111111111112, "argument_recall": 0.2578125, "event_type_metrics_per_class": {"attack": {"f1": 0.5904761904761905, "precision": 1.0, "recall": 0.4189189189189189}, "bombing": {"f1": 0.2857142857142857, "precision": 1.0, "recall": 0.16666666666666666}, "kidnapping": {"f1": 0.7499999999999999, "precision": 1.0, "recall": 0.6}, "arson": {"f1": 0.0, "precision": 0.0, "recall": 0.0}, "forced work stoppage": {"f1": 0.0, "precision": 0.0, "recall": 0.0}, "robbery": {"f1": 0.0, "precision": 0.0, "recall": 0.0}}, "argument_type_metrics_per_class": {"PerpInd": {"f1": 0.36000000000000004, "precision": 0.6923076923076923, "recall": 0.24324324324324326}, "PerpOrg": {"f1": 0.1739130434782609, "precision": 0.3333333333333333, "recall": 0.11764705882352941}, "Target": {"f1": 0.10526315789473684, "precision": 1.0, "recall": 0.05555555555555555}, "Victim": {"f1": 0.5625, "precision": 0.6666666666666666, "recall": 0.4864864864864865}, "Weapon": {"f1": 0.6666666666666666, "precision": 1.0, "recall": 0.5}, "Triggers": {"f1": 0.3333333333333333, "precision": 0.8, "recall": 0.21052631578947367}}}