{"overall_f1": 0.40939597315436244, "overall_precision": 0.7349397590361446, "overall_recall": 0.2837209302325581, "event_type_f1": 0.4833333333333334, "event_type_precision": 0.9354838709677419, "event_type_recall": 0.3258426966292135, "argument_f1": 0.3595505617977528, "argument_precision": 0.64, "argument_recall": 0.25, "event_type_metrics_per_class": {"attack": {"f1": 0.4421052631578947, "precision": 1.0, "recall": 0.28378378378378377}, "bombing": {"f1": 0.7272727272727272, "precision": 0.8, "recall": 0.6666666666666666}, "kidnapping": {"f1": 0.8000000000000002, "precision": 0.8, "recall": 0.8}, "arson": {"f1": 0.0, "precision": 0.0, "recall": 0.0}, "forced work stoppage": {"f1": 0.0, "precision": 0.0, "recall": 0.0}, "robbery": {"f1": 0.0, "precision": 0.0, "recall": 0.0}}, "argument_type_metrics_per_class": {"PerpInd": {"f1": 0.4, "precision": 0.7692307692307693, "recall": 0.2702702702702703}, "PerpOrg": {"f1": 0.05263157894736842, "precision": 0.25, "recall": 0.029411764705882353}, "Target": {"f1": 0.2608695652173913, "precision": 0.6, "recall": 0.16666666666666666}, "Victim": {"f1": 0.5396825396825398, "precision": 0.6538461538461539, "recall": 0.4594594594594595}, "Weapon": {"f1": 0.5, "precision": 0.5, "recall": 0.5}, "Triggers": {"f1": 0.5384615384615384, "precision": 1.0, "recall": 0.3684210526315789}}}