{"overall_f1": 0.5267727930535456, "overall_precision": 0.6066666666666667, "overall_recall": 0.46547314578005117, "event_type_f1": 0.7169811320754718, "event_type_precision": 0.9047619047619048, "event_type_recall": 0.59375, "argument_f1": 0.4699248120300752, "argument_precision": 0.7102272727272727, "argument_recall": 0.351123595505618, "event_type_metrics_per_class": {"attack": {"f1": 0.6865671641791046, "precision": 0.92, "recall": 0.5476190476190477}, "bombing": {"f1": 0.7532467532467532, "precision": 0.8787878787878788, "recall": 0.6590909090909091}, "kidnapping": {"f1": 0.7272727272727273, "precision": 1.0, "recall": 0.5714285714285714}, "arson": {"f1": 0.6666666666666666, "precision": 1.0, "recall": 0.5}, "forced work stoppage": {"f1": 0.0, "precision": 0.0, "recall": 0.0}, "robbery": {"f1": 0.0, "precision": 0.0, "recall": 0.0}}, "argument_type_metrics_per_class": {"PerpInd": {"f1": 0.3787878787878788, "precision": 0.7142857142857143, "recall": 0.25773195876288657}, "PerpOrg": {"f1": 0.35789473684210527, "precision": 0.7727272727272727, "recall": 0.2328767123287671}, "Target": {"f1": 0.5068493150684932, "precision": 0.6379310344827587, "recall": 0.42045454545454547}, "Victim": {"f1": 0.6666666666666666, "precision": 0.8181818181818182, "recall": 0.5625}, "Weapon": {"f1": 0.48717948717948717, "precision": 0.6785714285714286, "recall": 0.38}, "Triggers": {"f1": 0.06289308176100629, "precision": 0.07936507936507936, "recall": 0.052083333333333336}}}