{"overall_f1": 0.7004608294930875, "overall_precision": 0.672566371681416, "overall_recall": 0.7307692307692307, "event_type_f1": 0.9, "event_type_precision": 0.9310344827586207, "event_type_recall": 0.8709677419354839, "argument_f1": 0.624203821656051, "argument_precision": 0.7538461538461538, "argument_recall": 0.532608695652174, "event_type_metrics_per_class": {"attack": {"f1": 0.8461538461538461, "precision": 0.9166666666666666, "recall": 0.7857142857142857}, "bombing": {"f1": 0.9655172413793104, "precision": 1.0, "recall": 0.9333333333333333}, "kidnapping": {"f1": 0.6666666666666666, "precision": 0.5, "recall": 1.0}, "arson": {"f1": 1.0, "precision": 1.0, "recall": 1.0}, "forced work stoppage": {"f1": 0.0, "precision": 0.0, "recall": 0.0}, "robbery": {"f1": 0.0, "precision": 0.0, "recall": 0.0}}, "argument_type_metrics_per_class": {"PerpInd": {"f1": 0.5789473684210527, "precision": 0.6470588235294118, "recall": 0.5238095238095238}, "PerpOrg": {"f1": 0.6923076923076924, "precision": 0.75, "recall": 0.6428571428571429}, "Target": {"f1": 0.5454545454545454, "precision": 0.8, "recall": 0.41379310344827586}, "Victim": {"f1": 0.64, "precision": 0.7272727272727273, "recall": 0.5714285714285714}, "Weapon": {"f1": 0.75, "precision": 0.9, "recall": 0.6428571428571429}, "Triggers": {"f1": 0.787878787878788, "precision": 0.896551724137931, "recall": 0.7027027027027027}}}