{"overall_f1": 0.5551330798479087, "overall_precision": 0.553030303030303, "overall_recall": 0.5572519083969466, "event_type_f1": 0.6086956521739131, "event_type_precision": 0.6363636363636364, "event_type_recall": 0.5833333333333334, "argument_f1": 0.5360824742268041, "argument_precision": 0.5591397849462365, "argument_recall": 0.5148514851485149, "event_type_metrics_per_class": {"attack": {"f1": 0.6470588235294117, "precision": 0.5789473684210527, "recall": 0.7333333333333333}, "bombing": {"f1": 0.6206896551724138, "precision": 0.6923076923076923, "recall": 0.5625}, "kidnapping": {"f1": 0.6666666666666666, "precision": 1.0, "recall": 0.5}, "arson": {"f1": 0.0, "precision": 0.0, "recall": 0.0}, "forced work stoppage": {"f1": 0.0, "precision": 0.0, "recall": 0.0}, "robbery": {"f1": 0.0, "precision": 0.0, "recall": 0.0}}, "argument_type_metrics_per_class": {"PerpInd": {"f1": 0.4, "precision": 0.38461538461538464, "recall": 0.4166666666666667}, "PerpOrg": {"f1": 0.5806451612903226, "precision": 0.6923076923076923, "recall": 0.5}, "Target": {"f1": 0.5384615384615384, "precision": 0.6086956521739131, "recall": 0.4827586206896552}, "Victim": {"f1": 0.611111111111111, "precision": 0.5238095238095238, "recall": 0.7333333333333333}, "Weapon": {"f1": 0.64, "precision": 0.8, "recall": 0.5333333333333333}, "Triggers": {"f1": 0.619718309859155, "precision": 0.6875, "recall": 0.5641025641025641}}}