{"overall_f1": 0.5658914728682171, "overall_precision": 0.4965986394557823, "overall_recall": 0.6576576576576577, "event_type_f1": 0.7105263157894738, "event_type_precision": 0.675, "event_type_recall": 0.75, "argument_f1": 0.5054945054945055, "argument_precision": 0.5679012345679012, "argument_recall": 0.45544554455445546, "event_type_metrics_per_class": {"attack": {"f1": 0.6666666666666666, "precision": 0.6666666666666666, "recall": 0.6666666666666666}, "bombing": {"f1": 0.7567567567567567, "precision": 0.6666666666666666, "recall": 0.875}, "kidnapping": {"f1": 0.8, "precision": 0.6666666666666666, "recall": 1.0}, "arson": {"f1": 1.0, "precision": 1.0, "recall": 1.0}, "forced work stoppage": {"f1": 0.0, "precision": 0.0, "recall": 0.0}, "robbery": {"f1": 0.0, "precision": 0.0, "recall": 0.0}}, "argument_type_metrics_per_class": {"PerpInd": {"f1": 0.5238095238095238, "precision": 0.6111111111111112, "recall": 0.4583333333333333}, "PerpOrg": {"f1": 0.3703703703703704, "precision": 0.5555555555555556, "recall": 0.2777777777777778}, "Target": {"f1": 0.5454545454545454, "precision": 0.5769230769230769, "recall": 0.5172413793103449}, "Victim": {"f1": 0.5517241379310344, "precision": 0.5714285714285714, "recall": 0.5333333333333333}, "Weapon": {"f1": 0.4827586206896552, "precision": 0.5, "recall": 0.4666666666666667}, "Triggers": {"f1": 0.7012987012987013, "precision": 0.6923076923076923, "recall": 0.7105263157894737}}}