{"overall_f1": 0.5074626865671641, "overall_precision": 0.46932515337423314, "overall_recall": 0.5523465703971119, "event_type_f1": 0.8518518518518517, "event_type_precision": 0.9078947368421053, "event_type_recall": 0.8023255813953488, "argument_f1": 0.3809523809523809, "argument_precision": 0.5454545454545454, "argument_recall": 0.2926829268292683, "event_type_metrics_per_class": {"attack": {"f1": 0.8411214953271027, "precision": 0.9, "recall": 0.7894736842105263}, "bombing": {"f1": 0.8333333333333333, "precision": 0.8823529411764706, "recall": 0.7894736842105263}, "kidnapping": {"f1": 1.0, "precision": 1.0, "recall": 1.0}, "arson": {"f1": 1.0, "precision": 1.0, "recall": 1.0}, "forced work stoppage": {"f1": 0.0, "precision": 0.0, "recall": 0.0}, "robbery": {"f1": 0.0, "precision": 0.0, "recall": 0.0}}, "argument_type_metrics_per_class": {"PerpInd": {"f1": 0.3207547169811321, "precision": 0.53125, "recall": 0.22972972972972974}, "PerpOrg": {"f1": 0.44, "precision": 0.5945945945945946, "recall": 0.3492063492063492}, "Target": {"f1": 0.3384615384615385, "precision": 0.5238095238095238, "recall": 0.25}, "Victim": {"f1": 0.5172413793103449, "precision": 0.625, "recall": 0.4411764705882353}, "Weapon": {"f1": 0.3404255319148936, "precision": 0.42105263157894735, "recall": 0.2857142857142857}, "Triggers": {"f1": 0.7901234567901234, "precision": 0.8421052631578947, "recall": 0.7441860465116279}}}