{"overall_f1": 0.32865731462925857, "overall_precision": 0.37272727272727274, "overall_recall": 0.2939068100358423, "event_type_f1": 0.6119402985074627, "event_type_precision": 0.8541666666666666, "event_type_recall": 0.47674418604651164, "argument_f1": 0.2246575342465753, "argument_precision": 0.5256410256410257, "argument_recall": 0.14285714285714285, "event_type_metrics_per_class": {"attack": {"f1": 0.5476190476190477, "precision": 0.8518518518518519, "recall": 0.40350877192982454}, "bombing": {"f1": 0.7272727272727273, "precision": 0.8571428571428571, "recall": 0.631578947368421}, "kidnapping": {"f1": 0.8571428571428571, "precision": 0.8571428571428571, "recall": 0.8571428571428571}, "arson": {"f1": 0.0, "precision": 0.0, "recall": 0.0}, "forced work stoppage": {"f1": 0.0, "precision": 0.0, "recall": 0.0}, "robbery": {"f1": 0.0, "precision": 0.0, "recall": 0.0}}, "argument_type_metrics_per_class": {"PerpInd": {"f1": 0.23157894736842102, "precision": 0.5238095238095238, "recall": 0.14864864864864866}, "PerpOrg": {"f1": 0.25, "precision": 0.5882352941176471, "recall": 0.15873015873015872}, "Target": {"f1": 0.13592233009708737, "precision": 0.4666666666666667, "recall": 0.07954545454545454}, "Victim": {"f1": 0.3846153846153846, "precision": 0.5555555555555556, "recall": 0.29411764705882354}, "Weapon": {"f1": 0.17142857142857143, "precision": 0.42857142857142855, "recall": 0.10714285714285714}, "Triggers": {"f1": 0.582089552238806, "precision": 0.8125, "recall": 0.45348837209302323}}}