{"overall_f1": 0.3236514522821577, "overall_precision": 0.4785276073619632, "overall_recall": 0.2445141065830721, "event_type_f1": 0.5, "event_type_precision": 0.8823529411764706, "event_type_recall": 0.3488372093023256, "argument_f1": 0.26519337016574585, "argument_precision": 0.64, "argument_recall": 0.1672473867595819, "event_type_metrics_per_class": {"attack": {"f1": 0.4324324324324324, "precision": 0.9411764705882353, "recall": 0.2807017543859649}, "bombing": {"f1": 0.6, "precision": 0.8181818181818182, "recall": 0.47368421052631576}, "kidnapping": {"f1": 0.6666666666666666, "precision": 0.8, "recall": 0.5714285714285714}, "arson": {"f1": 0.6666666666666666, "precision": 1.0, "recall": 0.5}, "forced work stoppage": {"f1": 0.0, "precision": 0.0, "recall": 0.0}, "robbery": {"f1": 0.0, "precision": 0.0, "recall": 0.0}}, "argument_type_metrics_per_class": {"PerpInd": {"f1": 0.20454545454545456, "precision": 0.6428571428571429, "recall": 0.12162162162162163}, "PerpOrg": {"f1": 0.11428571428571427, "precision": 0.5714285714285714, "recall": 0.06349206349206349}, "Target": {"f1": 0.31932773109243695, "precision": 0.6129032258064516, "recall": 0.2159090909090909}, "Victim": {"f1": 0.4489795918367347, "precision": 0.7333333333333333, "recall": 0.3235294117647059}, "Weapon": {"f1": 0.2777777777777778, "precision": 0.625, "recall": 0.17857142857142858}, "Triggers": {"f1": 0.4833333333333333, "precision": 0.8529411764705882, "recall": 0.3372093023255814}}}