{"overall_f1": 0.3333333333333333, "overall_precision": 0.42105263157894735, "overall_recall": 0.27586206896551724, "event_type_f1": 0.6666666666666665, "event_type_precision": 0.75, "event_type_recall": 0.6, "argument_f1": 0.25641025641025644, "argument_precision": 0.45454545454545453, "argument_recall": 0.17857142857142858, "event_type_metrics_per_class": {"attack": {"f1": 0.5, "precision": 1.0, "recall": 0.3333333333333333}, "bombing": {"f1": 0.8, "precision": 0.6666666666666666, "recall": 1.0}, "kidnapping": {"f1": 0.0, "precision": 0.0, "recall": 0.0}, "arson": {"f1": 0.0, "precision": 0.0, "recall": 0.0}, "forced work stoppage": {"f1": 0.0, "precision": 0.0, "recall": 0.0}, "robbery": {"f1": 0.0, "precision": 0.0, "recall": 0.0}}, "argument_type_metrics_per_class": {"PerpInd": {"f1": 0.22222222222222224, "precision": 0.5, "recall": 0.14285714285714285}, "PerpOrg": {"f1": 0.0, "precision": 0.0, "recall": 0.0}, "Target": {"f1": 0.3, "precision": 0.42857142857142855, "recall": 0.23076923076923078}, "Victim": {"f1": 0.0, "precision": 0.0, "recall": 0.0}, "Weapon": {"f1": 0.6666666666666666, "precision": 1.0, "recall": 0.5}, "Triggers": {"f1": 0.0, "precision": 0.0, "recall": 0.0}}}