{"overall_f1": 0.46249999999999997, "overall_precision": 0.4567901234567901, "overall_recall": 0.46835443037974683, "event_type_f1": 0.7407407407407406, "event_type_precision": 0.9090909090909091, "event_type_recall": 0.625, "argument_f1": 0.40601503759398494, "argument_precision": 0.8709677419354839, "argument_recall": 0.2647058823529412, "event_type_metrics_per_class": {"attack": {"f1": 0.6666666666666666, "precision": 1.0, "recall": 0.5}, "bombing": {"f1": 0.888888888888889, "precision": 1.0, "recall": 0.8}, "kidnapping": {"f1": 0.6666666666666666, "precision": 1.0, "recall": 0.5}, "arson": {"f1": 0.6666666666666666, "precision": 0.5, "recall": 1.0}, "forced work stoppage": {"f1": 0.0, "precision": 0.0, "recall": 0.0}, "robbery": {"f1": 0.0, "precision": 0.0, "recall": 0.0}}, "argument_type_metrics_per_class": {"PerpInd": {"f1": 0.21621621621621623, "precision": 0.8, "recall": 0.125}, "PerpOrg": {"f1": 0.0, "precision": 0.0, "recall": 0.0}, "Target": {"f1": 0.48000000000000004, "precision": 0.8, "recall": 0.34285714285714286}, "Victim": {"f1": 0.7692307692307693, "precision": 1.0, "recall": 0.625}, "Weapon": {"f1": 0.6666666666666666, "precision": 1.0, "recall": 0.5}, "Triggers": {"f1": 0.0, "precision": 0.0, "recall": 0.0}}}