{"overall_f1": 0.5207100591715976, "overall_precision": 0.3963963963963964, "overall_recall": 0.7586206896551724, "event_type_f1": 0.967741935483871, "event_type_precision": 1.0, "event_type_recall": 0.9375, "argument_f1": 0.42028985507246375, "argument_precision": 0.8055555555555556, "argument_recall": 0.28431372549019607, "event_type_metrics_per_class": {"attack": {"f1": 0.9333333333333333, "precision": 1.0, "recall": 0.875}, "bombing": {"f1": 1.0, "precision": 1.0, "recall": 1.0}, "kidnapping": {"f1": 1.0, "precision": 1.0, "recall": 1.0}, "arson": {"f1": 1.0, "precision": 1.0, "recall": 1.0}, "forced work stoppage": {"f1": 0.0, "precision": 0.0, "recall": 0.0}, "robbery": {"f1": 0.0, "precision": 0.0, "recall": 0.0}}, "argument_type_metrics_per_class": {"PerpInd": {"f1": 0.4, "precision": 1.0, "recall": 0.25}, "PerpOrg": {"f1": 0.11764705882352941, "precision": 0.5, "recall": 0.06666666666666667}, "Target": {"f1": 0.37499999999999994, "precision": 0.6923076923076923, "recall": 0.2571428571428571}, "Victim": {"f1": 0.5454545454545454, "precision": 1.0, "recall": 0.375}, "Weapon": {"f1": 0.7272727272727272, "precision": 0.8, "recall": 0.6666666666666666}, "Triggers": {"f1": 0.967741935483871, "precision": 1.0, "recall": 0.9375}}}