{"overall_f1": 0.3111111111111111, "overall_precision": 0.25, "overall_recall": 0.4117647058823529, "event_type_f1": 0.8000000000000002, "event_type_precision": 0.8, "event_type_recall": 0.8, "argument_f1": 0.17142857142857143, "argument_precision": 0.42857142857142855, "argument_recall": 0.10714285714285714, "event_type_metrics_per_class": {"attack": {"f1": 0.8, "precision": 1.0, "recall": 0.6666666666666666}, "bombing": {"f1": 0.8, "precision": 0.6666666666666666, "recall": 1.0}, "kidnapping": {"f1": 0.0, "precision": 0.0, "recall": 0.0}, "arson": {"f1": 0.0, "precision": 0.0, "recall": 0.0}, "forced work stoppage": {"f1": 0.0, "precision": 0.0, "recall": 0.0}, "robbery": {"f1": 0.0, "precision": 0.0, "recall": 0.0}}, "argument_type_metrics_per_class": {"PerpInd": {"f1": 0.0, "precision": 0.0, "recall": 0.0}, "PerpOrg": {"f1": 0.0, "precision": 0.0, "recall": 0.0}, "Target": {"f1": 0.25, "precision": 0.6666666666666666, "recall": 0.15384615384615385}, "Victim": {"f1": 0.0, "precision": 0.0, "recall": 0.0}, "Weapon": {"f1": 0.5, "precision": 0.5, "recall": 0.5}, "Triggers": {"f1": 0.6, "precision": 0.6, "recall": 0.6}}}