{"overall_f1": 0.3255813953488372, "overall_precision": 0.3181818181818182, "overall_recall": 0.3333333333333333, "event_type_f1": 0.7499999999999999, "event_type_precision": 1.0, "event_type_recall": 0.6, "argument_f1": 0.2285714285714286, "argument_precision": 0.5714285714285714, "argument_recall": 0.14285714285714285, "event_type_metrics_per_class": {"attack": {"f1": 0.5, "precision": 1.0, "recall": 0.3333333333333333}, "bombing": {"f1": 1.0, "precision": 1.0, "recall": 1.0}, "kidnapping": {"f1": 0.0, "precision": 0.0, "recall": 0.0}, "arson": {"f1": 0.0, "precision": 0.0, "recall": 0.0}, "forced work stoppage": {"f1": 0.0, "precision": 0.0, "recall": 0.0}, "robbery": {"f1": 0.0, "precision": 0.0, "recall": 0.0}}, "argument_type_metrics_per_class": {"PerpInd": {"f1": 0.4444444444444445, "precision": 1.0, "recall": 0.2857142857142857}, "PerpOrg": {"f1": 0.0, "precision": 0.0, "recall": 0.0}, "Target": {"f1": 0.125, "precision": 0.3333333333333333, "recall": 0.07692307692307693}, "Victim": {"f1": 0.0, "precision": 0.0, "recall": 0.0}, "Weapon": {"f1": 0.6666666666666666, "precision": 1.0, "recall": 0.5}, "Triggers": {"f1": 0.7499999999999999, "precision": 1.0, "recall": 0.6}}}