{"overall_f1": 0.3974358974358975, "overall_precision": 0.34831460674157305, "overall_recall": 0.4626865671641791, "event_type_f1": 0.8571428571428571, "event_type_precision": 1.0, "event_type_recall": 0.75, "argument_f1": 0.296875, "argument_precision": 0.7307692307692307, "argument_recall": 0.18627450980392157, "event_type_metrics_per_class": {"attack": {"f1": 0.8571428571428571, "precision": 1.0, "recall": 0.75}, "bombing": {"f1": 1.0, "precision": 1.0, "recall": 1.0}, "kidnapping": {"f1": 0.6666666666666666, "precision": 1.0, "recall": 0.5}, "arson": {"f1": 0.0, "precision": 0.0, "recall": 0.0}, "forced work stoppage": {"f1": 0.0, "precision": 0.0, "recall": 0.0}, "robbery": {"f1": 0.0, "precision": 0.0, "recall": 0.0}}, "argument_type_metrics_per_class": {"PerpInd": {"f1": 0.3902439024390244, "precision": 0.8888888888888888, "recall": 0.25}, "PerpOrg": {"f1": 0.10526315789473685, "precision": 0.25, "recall": 0.06666666666666667}, "Target": {"f1": 0.23255813953488372, "precision": 0.625, "recall": 0.14285714285714285}, "Victim": {"f1": 0.5454545454545454, "precision": 1.0, "recall": 0.375}, "Weapon": {"f1": 0.2857142857142857, "precision": 1.0, "recall": 0.16666666666666666}, "Triggers": {"f1": 0.7857142857142857, "precision": 0.9166666666666666, "recall": 0.6875}}}