{"overall_f1": 0.27272727272727276, "overall_precision": 0.35294117647058826, "overall_recall": 0.2222222222222222, "event_type_f1": 0.5, "event_type_precision": 0.6666666666666666, "event_type_recall": 0.4, "argument_f1": 0.22222222222222224, "argument_precision": 0.5, "argument_recall": 0.14285714285714285, "event_type_metrics_per_class": {"attack": {"f1": 0.0, "precision": 0.0, "recall": 0.0}, "bombing": {"f1": 0.8, "precision": 0.6666666666666666, "recall": 1.0}, "kidnapping": {"f1": 0.0, "precision": 0.0, "recall": 0.0}, "arson": {"f1": 0.0, "precision": 0.0, "recall": 0.0}, "forced work stoppage": {"f1": 0.0, "precision": 0.0, "recall": 0.0}, "robbery": {"f1": 0.0, "precision": 0.0, "recall": 0.0}}, "argument_type_metrics_per_class": {"PerpInd": {"f1": 0.25, "precision": 1.0, "recall": 0.14285714285714285}, "PerpOrg": {"f1": 0.0, "precision": 0.0, "recall": 0.0}, "Target": {"f1": 0.33333333333333337, "precision": 0.6, "recall": 0.23076923076923078}, "Victim": {"f1": 0.0, "precision": 0.0, "recall": 0.0}, "Weapon": {"f1": 0.0, "precision": 0.0, "recall": 0.0}, "Triggers": {"f1": 0.5, "precision": 0.6666666666666666, "recall": 0.4}}}