{"overall_f1": 0.5354330708661418, "overall_precision": 0.7555555555555555, "overall_recall": 0.4146341463414634, "event_type_f1": 0.6024096385542168, "event_type_precision": 0.9259259259259259, "event_type_recall": 0.44642857142857145, "argument_f1": 0.5029239766081871, "argument_precision": 0.6231884057971014, "argument_recall": 0.4215686274509804, "event_type_metrics_per_class": {"attack": {"f1": 0.5454545454545454, "precision": 1.0, "recall": 0.375}, "bombing": {"f1": 0.7826086956521738, "precision": 0.8181818181818182, "recall": 0.75}, "kidnapping": {"f1": 0.6666666666666666, "precision": 1.0, "recall": 0.5}, "arson": {"f1": 0.0, "precision": 0.0, "recall": 0.0}, "forced work stoppage": {"f1": 0.0, "precision": 0.0, "recall": 0.0}, "robbery": {"f1": 0.0, "precision": 0.0, "recall": 0.0}}, "argument_type_metrics_per_class": {"PerpInd": {"f1": 0.5333333333333333, "precision": 0.7058823529411765, "recall": 0.42857142857142855}, "PerpOrg": {"f1": 0.32, "precision": 0.4444444444444444, "recall": 0.25}, "Target": {"f1": 0.5806451612903225, "precision": 0.5625, "recall": 0.6}, "Victim": {"f1": 0.5, "precision": 0.6842105263157895, "recall": 0.3939393939393939}, "Weapon": {"f1": 0.5555555555555556, "precision": 0.625, "recall": 0.5}, "Triggers": {"f1": 0.04819277108433735, "precision": 0.07407407407407407, "recall": 0.03571428571428571}}}