{"overall_f1": 0.6724890829694323, "overall_precision": 0.77, "overall_recall": 0.5968992248062015, "event_type_f1": 0.8048780487804877, "event_type_precision": 1.0, "event_type_recall": 0.673469387755102, "argument_f1": 0.5986394557823129, "argument_precision": 0.7457627118644068, "argument_recall": 0.5, "event_type_metrics_per_class": {"attack": {"f1": 0.7457627118644068, "precision": 1.0, "recall": 0.5945945945945946}, "bombing": {"f1": 0.9523809523809523, "precision": 1.0, "recall": 0.9090909090909091}, "kidnapping": {"f1": 1.0, "precision": 1.0, "recall": 1.0}, "arson": {"f1": 0.0, "precision": 0.0, "recall": 0.0}, "forced work stoppage": {"f1": 0.0, "precision": 0.0, "recall": 0.0}, "robbery": {"f1": 0.0, "precision": 0.0, "recall": 0.0}}, "argument_type_metrics_per_class": {"PerpInd": {"f1": 0.5555555555555555, "precision": 0.7692307692307693, "recall": 0.43478260869565216}, "PerpOrg": {"f1": 0.47619047619047616, "precision": 0.5, "recall": 0.45454545454545453}, "Target": {"f1": 0.7499999999999999, "precision": 1.0, "recall": 0.6}, "Victim": {"f1": 0.5531914893617021, "precision": 0.7647058823529411, "recall": 0.43333333333333335}, "Weapon": {"f1": 0.7368421052631577, "precision": 0.7, "recall": 0.7777777777777778}, "Triggers": {"f1": 0.7415730337078651, "precision": 1.0, "recall": 0.5892857142857143}}}