{"overall_f1": 0.536, "overall_precision": 0.7528089887640449, "overall_recall": 0.4161490683229814, "event_type_f1": 0.5952380952380952, "event_type_precision": 0.8928571428571429, "event_type_recall": 0.44642857142857145, "argument_f1": 0.5060240963855422, "argument_precision": 0.65625, "argument_recall": 0.4117647058823529, "event_type_metrics_per_class": {"attack": {"f1": 0.6, "precision": 0.9, "recall": 0.45}, "bombing": {"f1": 0.631578947368421, "precision": 0.8571428571428571, "recall": 0.5}, "kidnapping": {"f1": 0.6666666666666666, "precision": 1.0, "recall": 0.5}, "arson": {"f1": 0.0, "precision": 0.0, "recall": 0.0}, "forced work stoppage": {"f1": 0.0, "precision": 0.0, "recall": 0.0}, "robbery": {"f1": 0.0, "precision": 0.0, "recall": 0.0}}, "argument_type_metrics_per_class": {"PerpInd": {"f1": 0.3902439024390244, "precision": 0.6153846153846154, "recall": 0.2857142857142857}, "PerpOrg": {"f1": 0.38461538461538464, "precision": 0.5, "recall": 0.3125}, "Target": {"f1": 0.5833333333333334, "precision": 0.7777777777777778, "recall": 0.4666666666666667}, "Victim": {"f1": 0.6101694915254238, "precision": 0.6923076923076923, "recall": 0.5454545454545454}, "Weapon": {"f1": 0.5, "precision": 0.6666666666666666, "recall": 0.4}, "Triggers": {"f1": 0.4731182795698925, "precision": 0.8461538461538461, "recall": 0.3283582089552239}}}