{"overall_f1": 0.49781659388646293, "overall_precision": 0.7125, "overall_recall": 0.3825503355704698, "event_type_f1": 0.5925925925925924, "event_type_precision": 0.96, "event_type_recall": 0.42857142857142855, "argument_f1": 0.44594594594594594, "argument_precision": 0.717391304347826, "argument_recall": 0.3235294117647059, "event_type_metrics_per_class": {"attack": {"f1": 0.4905660377358491, "precision": 1.0, "recall": 0.325}, "bombing": {"f1": 0.8571428571428571, "precision": 1.0, "recall": 0.75}, "kidnapping": {"f1": 0.8, "precision": 0.6666666666666666, "recall": 1.0}, "arson": {"f1": 0.0, "precision": 0.0, "recall": 0.0}, "forced work stoppage": {"f1": 0.0, "precision": 0.0, "recall": 0.0}, "robbery": {"f1": 0.0, "precision": 0.0, "recall": 0.0}}, "argument_type_metrics_per_class": {"PerpInd": {"f1": 0.3684210526315789, "precision": 0.7, "recall": 0.25}, "PerpOrg": {"f1": 0.2857142857142857, "precision": 0.6, "recall": 0.1875}, "Target": {"f1": 0.608695652173913, "precision": 0.875, "recall": 0.4666666666666667}, "Victim": {"f1": 0.44, "precision": 0.6470588235294118, "recall": 0.3333333333333333}, "Weapon": {"f1": 0.625, "precision": 0.8333333333333334, "recall": 0.5}, "Triggers": {"f1": 0.3368421052631579, "precision": 0.6956521739130435, "recall": 0.2222222222222222}}}