{"overall_f1": 0.5777777777777778, "overall_precision": 0.5, "overall_recall": 0.6842105263157895, "event_type_f1": 0.8333333333333334, "event_type_precision": 0.8333333333333334, "event_type_recall": 0.8333333333333334, "argument_f1": 0.4848484848484849, "argument_precision": 0.6666666666666666, "argument_recall": 0.38095238095238093, "event_type_metrics_per_class": {"attack": {"f1": 0.8, "precision": 1.0, "recall": 0.6666666666666666}, "bombing": {"f1": 1.0, "precision": 1.0, "recall": 1.0}, "kidnapping": {"f1": 0.6666666666666666, "precision": 0.5, "recall": 1.0}, "arson": {"f1": 0.0, "precision": 0.0, "recall": 0.0}, "forced work stoppage": {"f1": 0.0, "precision": 0.0, "recall": 0.0}, "robbery": {"f1": 0.0, "precision": 0.0, "recall": 0.0}}, "argument_type_metrics_per_class": {"PerpInd": {"f1": 0.6153846153846153, "precision": 1.0, "recall": 0.4444444444444444}, "PerpOrg": {"f1": 0.5, "precision": 0.6666666666666666, "recall": 0.4}, "Target": {"f1": 0.0, "precision": 0.0, "recall": 0.0}, "Victim": {"f1": 0.4, "precision": 0.5, "recall": 0.3333333333333333}, "Weapon": {"f1": 0.5, "precision": 0.5, "recall": 0.5}, "Triggers": {"f1": 0.0, "precision": 0.0, "recall": 0.0}}}