{"overall_f1": 0.5926966292134831, "overall_precision": 0.5596816976127321, "overall_recall": 0.6298507462686567, "event_type_f1": 0.8977272727272727, "event_type_precision": 0.9875, "event_type_recall": 0.8229166666666666, "argument_f1": 0.49253731343283585, "argument_precision": 0.7333333333333333, "argument_recall": 0.3707865168539326, "event_type_metrics_per_class": {"attack": {"f1": 0.8378378378378379, "precision": 0.96875, "recall": 0.7380952380952381}, "bombing": {"f1": 0.9397590361445783, "precision": 1.0, "recall": 0.8863636363636364}, "kidnapping": {"f1": 1.0, "precision": 1.0, "recall": 1.0}, "arson": {"f1": 1.0, "precision": 1.0, "recall": 1.0}, "forced work stoppage": {"f1": 0.0, "precision": 0.0, "recall": 0.0}, "robbery": {"f1": 0.0, "precision": 0.0, "recall": 0.0}}, "argument_type_metrics_per_class": {"PerpInd": {"f1": 0.5165562913907286, "precision": 0.7222222222222222, "recall": 0.4020618556701031}, "PerpOrg": {"f1": 0.5585585585585585, "precision": 0.8157894736842105, "recall": 0.4246575342465753}, "Target": {"f1": 0.3709677419354838, "precision": 0.6388888888888888, "recall": 0.26136363636363635}, "Victim": {"f1": 0.547945205479452, "precision": 0.8, "recall": 0.4166666666666667}, "Weapon": {"f1": 0.49350649350649356, "precision": 0.7037037037037037, "recall": 0.38}, "Triggers": {"f1": 0.380952380952381, "precision": 0.4, "recall": 0.36363636363636365}}}