{"overall_f1": 0.42833607907742993, "overall_precision": 0.5349794238683128, "overall_recall": 0.35714285714285715, "event_type_f1": 0.6712328767123288, "event_type_precision": 0.98, "event_type_recall": 0.5104166666666666, "argument_f1": 0.351409978308026, "argument_precision": 0.7714285714285715, "argument_recall": 0.22752808988764045, "event_type_metrics_per_class": {"attack": {"f1": 0.6129032258064516, "precision": 0.95, "recall": 0.4523809523809524}, "bombing": {"f1": 0.7058823529411764, "precision": 1.0, "recall": 0.5454545454545454}, "kidnapping": {"f1": 0.8333333333333333, "precision": 1.0, "recall": 0.7142857142857143}, "arson": {"f1": 0.6666666666666666, "precision": 1.0, "recall": 0.5}, "forced work stoppage": {"f1": 0.0, "precision": 0.0, "recall": 0.0}, "robbery": {"f1": 0.0, "precision": 0.0, "recall": 0.0}}, "argument_type_metrics_per_class": {"PerpInd": {"f1": 0.3538461538461538, "precision": 0.696969696969697, "recall": 0.23711340206185566}, "PerpOrg": {"f1": 0.40425531914893614, "precision": 0.9047619047619048, "recall": 0.2602739726027397}, "Target": {"f1": 0.22429906542056074, "precision": 0.631578947368421, "recall": 0.13636363636363635}, "Victim": {"f1": 0.5633802816901409, "precision": 0.8695652173913043, "recall": 0.4166666666666667}, "Weapon": {"f1": 0.23728813559322035, "precision": 0.7777777777777778, "recall": 0.14}, "Triggers": {"f1": 0.6666666666666665, "precision": 0.8571428571428571, "recall": 0.5454545454545454}}}