{"overall_f1": 0.3103448275862069, "overall_precision": 0.6206896551724138, "overall_recall": 0.20689655172413793, "event_type_f1": 0.36363636363636365, "event_type_precision": 0.8571428571428571, "event_type_recall": 0.23076923076923078, "argument_f1": 0.28915662650602414, "argument_precision": 0.7058823529411765, "argument_recall": 0.18181818181818182, "event_type_metrics_per_class": {"attack": {"f1": 0.25, "precision": 1.0, "recall": 0.14285714285714285}, "bombing": {"f1": 0.6153846153846154, "precision": 0.8, "recall": 0.5}, "kidnapping": {"f1": 0.0, "precision": 0.0, "recall": 0.0}, "arson": {"f1": 0.0, "precision": 0.0, "recall": 0.0}, "forced work stoppage": {"f1": 0.0, "precision": 0.0, "recall": 0.0}, "robbery": {"f1": 0.0, "precision": 0.0, "recall": 0.0}}, "argument_type_metrics_per_class": {"PerpInd": {"f1": 0.23076923076923073, "precision": 0.6, "recall": 0.14285714285714285}, "PerpOrg": {"f1": 0.16666666666666669, "precision": 1.0, "recall": 0.09090909090909091}, "Target": {"f1": 0.35294117647058826, "precision": 0.6, "recall": 0.25}, "Victim": {"f1": 0.28571428571428575, "precision": 0.5, "recall": 0.2}, "Weapon": {"f1": 0.6666666666666666, "precision": 1.0, "recall": 0.5}, "Triggers": {"f1": 0.12121212121212123, "precision": 0.2857142857142857, "recall": 0.07692307692307693}}}