{"overall_f1": 0.6821705426356589, "overall_precision": 0.5906040268456376, "overall_recall": 0.8073394495412844, "event_type_f1": 0.9705882352941176, "event_type_precision": 1.0, "event_type_recall": 0.9428571428571428, "argument_f1": 0.5789473684210527, "argument_precision": 0.7971014492753623, "argument_recall": 0.45454545454545453, "event_type_metrics_per_class": {"attack": {"f1": 0.9333333333333333, "precision": 1.0, "recall": 0.875}, "bombing": {"f1": 1.0, "precision": 1.0, "recall": 1.0}, "kidnapping": {"f1": 1.0, "precision": 1.0, "recall": 1.0}, "arson": {"f1": 1.0, "precision": 1.0, "recall": 1.0}, "forced work stoppage": {"f1": 0.0, "precision": 0.0, "recall": 0.0}, "robbery": {"f1": 0.0, "precision": 0.0, "recall": 0.0}}, "argument_type_metrics_per_class": {"PerpInd": {"f1": 0.6, "precision": 0.7894736842105263, "recall": 0.4838709677419355}, "PerpOrg": {"f1": 0.6285714285714286, "precision": 0.9166666666666666, "recall": 0.4782608695652174}, "Target": {"f1": 0.45833333333333326, "precision": 0.7333333333333333, "recall": 0.3333333333333333}, "Victim": {"f1": 0.5925925925925927, "precision": 0.8, "recall": 0.47058823529411764}, "Weapon": {"f1": 0.6666666666666667, "precision": 0.7692307692307693, "recall": 0.5882352941176471}, "Triggers": {"f1": 0.6666666666666666, "precision": 0.6666666666666666, "recall": 0.6666666666666666}}}