{"overall_f1": 0.6588235294117648, "overall_precision": 0.5793103448275863, "overall_recall": 0.7636363636363637, "event_type_f1": 0.955223880597015, "event_type_precision": 1.0, "event_type_recall": 0.9142857142857143, "argument_f1": 0.5531914893617021, "argument_precision": 0.7761194029850746, "argument_recall": 0.4297520661157025, "event_type_metrics_per_class": {"attack": {"f1": 0.896551724137931, "precision": 1.0, "recall": 0.8125}, "bombing": {"f1": 1.0, "precision": 1.0, "recall": 1.0}, "kidnapping": {"f1": 1.0, "precision": 1.0, "recall": 1.0}, "arson": {"f1": 1.0, "precision": 1.0, "recall": 1.0}, "forced work stoppage": {"f1": 0.0, "precision": 0.0, "recall": 0.0}, "robbery": {"f1": 0.0, "precision": 0.0, "recall": 0.0}}, "argument_type_metrics_per_class": {"PerpInd": {"f1": 0.56, "precision": 0.7368421052631579, "recall": 0.45161290322580644}, "PerpOrg": {"f1": 0.6842105263157895, "precision": 0.8666666666666667, "recall": 0.5652173913043478}, "Target": {"f1": 0.3555555555555555, "precision": 0.6666666666666666, "recall": 0.24242424242424243}, "Victim": {"f1": 0.5714285714285714, "precision": 0.7272727272727273, "recall": 0.47058823529411764}, "Weapon": {"f1": 0.6666666666666667, "precision": 0.9, "recall": 0.5294117647058824}, "Triggers": {"f1": 0.6666666666666666, "precision": 0.6666666666666666, "recall": 0.6666666666666666}}}