{"overall_f1": 0.5531914893617021, "overall_precision": 0.5603448275862069, "overall_recall": 0.5462184873949579, "event_type_f1": 0.8135593220338984, "event_type_precision": 1.0, "event_type_recall": 0.6857142857142857, "argument_f1": 0.46590909090909083, "argument_precision": 0.7454545454545455, "argument_recall": 0.33884297520661155, "event_type_metrics_per_class": {"attack": {"f1": 0.72, "precision": 1.0, "recall": 0.5625}, "bombing": {"f1": 0.9090909090909091, "precision": 1.0, "recall": 0.8333333333333334}, "kidnapping": {"f1": 0.888888888888889, "precision": 1.0, "recall": 0.8}, "arson": {"f1": 0.6666666666666666, "precision": 1.0, "recall": 0.5}, "forced work stoppage": {"f1": 0.0, "precision": 0.0, "recall": 0.0}, "robbery": {"f1": 0.0, "precision": 0.0, "recall": 0.0}}, "argument_type_metrics_per_class": {"PerpInd": {"f1": 0.5306122448979592, "precision": 0.7222222222222222, "recall": 0.41935483870967744}, "PerpOrg": {"f1": 0.5161290322580645, "precision": 1.0, "recall": 0.34782608695652173}, "Target": {"f1": 0.3181818181818182, "precision": 0.6363636363636364, "recall": 0.21212121212121213}, "Victim": {"f1": 0.5517241379310345, "precision": 0.6666666666666666, "recall": 0.47058823529411764}, "Weapon": {"f1": 0.4347826086956522, "precision": 0.8333333333333334, "recall": 0.29411764705882354}, "Triggers": {"f1": 0.7272727272727272, "precision": 0.8, "recall": 0.6666666666666666}}}