{"overall_f1": 0.5643153526970954, "overall_precision": 0.5862068965517241, "overall_recall": 0.544, "event_type_f1": 0.7796610169491525, "event_type_precision": 0.9583333333333334, "event_type_recall": 0.6571428571428571, "argument_f1": 0.49450549450549447, "argument_precision": 0.7377049180327869, "argument_recall": 0.371900826446281, "event_type_metrics_per_class": {"attack": {"f1": 0.6666666666666666, "precision": 1.0, "recall": 0.5}, "bombing": {"f1": 0.9166666666666666, "precision": 0.9166666666666666, "recall": 0.9166666666666666}, "kidnapping": {"f1": 0.7499999999999999, "precision": 1.0, "recall": 0.6}, "arson": {"f1": 0.6666666666666666, "precision": 1.0, "recall": 0.5}, "forced work stoppage": {"f1": 0.0, "precision": 0.0, "recall": 0.0}, "robbery": {"f1": 0.0, "precision": 0.0, "recall": 0.0}}, "argument_type_metrics_per_class": {"PerpInd": {"f1": 0.4444444444444444, "precision": 0.7142857142857143, "recall": 0.3225806451612903}, "PerpOrg": {"f1": 0.4516129032258065, "precision": 0.875, "recall": 0.30434782608695654}, "Target": {"f1": 0.4528301886792453, "precision": 0.6, "recall": 0.36363636363636365}, "Victim": {"f1": 0.5384615384615384, "precision": 0.7777777777777778, "recall": 0.4117647058823529}, "Weapon": {"f1": 0.6666666666666667, "precision": 0.9, "recall": 0.5294117647058824}, "Triggers": {"f1": 0.5454545454545454, "precision": 0.6, "recall": 0.5}}}