{"overall_f1": 0.5333333333333333, "overall_precision": 0.5095541401273885, "overall_recall": 0.5594405594405595, "event_type_f1": 0.8571428571428571, "event_type_precision": 0.9705882352941176, "event_type_recall": 0.7674418604651163, "argument_f1": 0.42152466367713004, "argument_precision": 0.6351351351351351, "argument_recall": 0.31543624161073824, "event_type_metrics_per_class": {"attack": {"f1": 0.8679245283018869, "precision": 1.0, "recall": 0.7666666666666667}, "bombing": {"f1": 0.875, "precision": 0.875, "recall": 0.875}, "kidnapping": {"f1": 1.0, "precision": 1.0, "recall": 1.0}, "arson": {"f1": 0.0, "precision": 0.0, "recall": 0.0}, "forced work stoppage": {"f1": 0.0, "precision": 0.0, "recall": 0.0}, "robbery": {"f1": 0.0, "precision": 0.0, "recall": 0.0}}, "argument_type_metrics_per_class": {"PerpInd": {"f1": 0.380952380952381, "precision": 0.7058823529411765, "recall": 0.2608695652173913}, "PerpOrg": {"f1": 0.4838709677419355, "precision": 0.6521739130434783, "recall": 0.38461538461538464}, "Target": {"f1": 0.30303030303030304, "precision": 0.5, "recall": 0.21739130434782608}, "Victim": {"f1": 0.56, "precision": 0.7, "recall": 0.4666666666666667}, "Weapon": {"f1": 0.13333333333333333, "precision": 0.25, "recall": 0.09090909090909091}, "Triggers": {"f1": 0.8051948051948051, "precision": 0.9117647058823529, "recall": 0.7209302325581395}}}