{"overall_f1": 0.33088235294117646, "overall_precision": 0.32608695652173914, "overall_recall": 0.3358208955223881, "event_type_f1": 0.6493506493506493, "event_type_precision": 0.7352941176470589, "event_type_recall": 0.5813953488372093, "argument_f1": 0.20512820512820515, "argument_precision": 0.43478260869565216, "argument_recall": 0.1342281879194631, "event_type_metrics_per_class": {"attack": {"f1": 0.6785714285714285, "precision": 0.7307692307692307, "recall": 0.6333333333333333}, "bombing": {"f1": 0.5714285714285715, "precision": 0.6666666666666666, "recall": 0.5}, "kidnapping": {"f1": 0.8, "precision": 1.0, "recall": 0.6666666666666666}, "arson": {"f1": 0.0, "precision": 0.0, "recall": 0.0}, "forced work stoppage": {"f1": 0.0, "precision": 0.0, "recall": 0.0}, "robbery": {"f1": 0.0, "precision": 0.0, "recall": 0.0}}, "argument_type_metrics_per_class": {"PerpInd": {"f1": 0.19672131147540983, "precision": 0.4, "recall": 0.13043478260869565}, "PerpOrg": {"f1": 0.16, "precision": 0.36363636363636365, "recall": 0.10256410256410256}, "Target": {"f1": 0.15384615384615383, "precision": 0.6666666666666666, "recall": 0.08695652173913043}, "Victim": {"f1": 0.3478260869565218, "precision": 0.5, "recall": 0.26666666666666666}, "Weapon": {"f1": 0.0, "precision": 0.0, "recall": 0.0}, "Triggers": {"f1": 0.6233766233766234, "precision": 0.7058823529411765, "recall": 0.5581395348837209}}}