{"overall_f1": 0.3461538461538461, "overall_precision": 0.4166666666666667, "overall_recall": 0.29605263157894735, "event_type_f1": 0.5671641791044777, "event_type_precision": 0.7916666666666666, "event_type_recall": 0.4418604651162791, "argument_f1": 0.2694300518134715, "argument_precision": 0.5909090909090909, "argument_recall": 0.174496644295302, "event_type_metrics_per_class": {"attack": {"f1": 0.6122448979591837, "precision": 0.7894736842105263, "recall": 0.5}, "bombing": {"f1": 0.36363636363636365, "precision": 0.6666666666666666, "recall": 0.25}, "kidnapping": {"f1": 0.8, "precision": 1.0, "recall": 0.6666666666666666}, "arson": {"f1": 0.0, "precision": 0.0, "recall": 0.0}, "forced work stoppage": {"f1": 0.0, "precision": 0.0, "recall": 0.0}, "robbery": {"f1": 0.0, "precision": 0.0, "recall": 0.0}}, "argument_type_metrics_per_class": {"PerpInd": {"f1": 0.18518518518518517, "precision": 0.625, "recall": 0.10869565217391304}, "PerpOrg": {"f1": 0.048780487804878044, "precision": 0.5, "recall": 0.02564102564102564}, "Target": {"f1": 0.22222222222222218, "precision": 0.75, "recall": 0.13043478260869565}, "Victim": {"f1": 0.5614035087719299, "precision": 0.5925925925925926, "recall": 0.5333333333333333}, "Weapon": {"f1": 0.14285714285714288, "precision": 0.3333333333333333, "recall": 0.09090909090909091}, "Triggers": {"f1": 0.5373134328358209, "precision": 0.75, "recall": 0.4186046511627907}}}