{"overall_f1": 0.44514106583072094, "overall_precision": 0.5035460992907801, "overall_recall": 0.398876404494382, "event_type_f1": 0.5476190476190477, "event_type_precision": 0.7666666666666667, "event_type_recall": 0.42592592592592593, "argument_f1": 0.4085106382978724, "argument_precision": 0.6666666666666666, "argument_recall": 0.294478527607362, "event_type_metrics_per_class": {"attack": {"f1": 0.5333333333333333, "precision": 0.8, "recall": 0.4}, "bombing": {"f1": 0.6666666666666666, "precision": 0.7142857142857143, "recall": 0.625}, "kidnapping": {"f1": 0.33333333333333337, "precision": 1.0, "recall": 0.2}, "arson": {"f1": 0.6666666666666666, "precision": 0.5, "recall": 1.0}, "forced work stoppage": {"f1": 0.0, "precision": 0.0, "recall": 0.0}, "robbery": {"f1": 0.0, "precision": 0.0, "recall": 0.0}}, "argument_type_metrics_per_class": {"PerpInd": {"f1": 0.4333333333333334, "precision": 0.7222222222222222, "recall": 0.30952380952380953}, "PerpOrg": {"f1": 0.23255813953488372, "precision": 0.7142857142857143, "recall": 0.1388888888888889}, "Target": {"f1": 0.4000000000000001, "precision": 0.6190476190476191, "recall": 0.29545454545454547}, "Victim": {"f1": 0.588235294117647, "precision": 0.7142857142857143, "recall": 0.5}, "Weapon": {"f1": 0.25000000000000006, "precision": 0.4, "recall": 0.18181818181818182}, "Triggers": {"f1": 0.07142857142857142, "precision": 0.1, "recall": 0.05555555555555555}}}