{"overall_f1": 0.5918003565062389, "overall_precision": 0.5589225589225589, "overall_recall": 0.6287878787878788, "event_type_f1": 0.8774193548387097, "event_type_precision": 0.9714285714285714, "event_type_recall": 0.8, "argument_f1": 0.4827586206896551, "argument_precision": 0.6950354609929078, "argument_recall": 0.36981132075471695, "event_type_metrics_per_class": {"attack": {"f1": 0.8691099476439791, "precision": 0.9880952380952381, "recall": 0.7757009345794392}, "bombing": {"f1": 0.9195402298850575, "precision": 0.9523809523809523, "recall": 0.8888888888888888}, "kidnapping": {"f1": 0.9090909090909091, "precision": 0.9090909090909091, "recall": 0.9090909090909091}, "arson": {"f1": 1.0, "precision": 1.0, "recall": 1.0}, "forced work stoppage": {"f1": 0.0, "precision": 0.0, "recall": 0.0}, "robbery": {"f1": 0.0, "precision": 0.0, "recall": 0.0}}, "argument_type_metrics_per_class": {"PerpInd": {"f1": 0.46428571428571436, "precision": 0.7027027027027027, "recall": 0.3466666666666667}, "PerpOrg": {"f1": 0.49056603773584906, "precision": 0.6964285714285714, "recall": 0.3786407766990291}, "Target": {"f1": 0.41304347826086957, "precision": 0.6666666666666666, "recall": 0.2992125984251969}, "Victim": {"f1": 0.5466666666666666, "precision": 0.6949152542372882, "recall": 0.45054945054945056}, "Weapon": {"f1": 0.5473684210526315, "precision": 0.7222222222222222, "recall": 0.4406779661016949}, "Triggers": {"f1": 0.4680851063829788, "precision": 0.5238095238095238, "recall": 0.4230769230769231}}}