{"overall_f1": 0.577736890524379, "overall_precision": 0.5460869565217391, "overall_recall": 0.61328125, "event_type_f1": 0.8692810457516339, "event_type_precision": 0.9779411764705882, "event_type_recall": 0.7823529411764706, "argument_f1": 0.4635083226632522, "argument_precision": 0.7211155378486056, "argument_recall": 0.34150943396226413, "event_type_metrics_per_class": {"attack": {"f1": 0.8494623655913979, "precision": 1.0, "recall": 0.7383177570093458}, "bombing": {"f1": 0.9318181818181819, "precision": 0.9534883720930233, "recall": 0.9111111111111111}, "kidnapping": {"f1": 0.9090909090909091, "precision": 0.9090909090909091, "recall": 0.9090909090909091}, "arson": {"f1": 1.0, "precision": 1.0, "recall": 1.0}, "forced work stoppage": {"f1": 0.0, "precision": 0.0, "recall": 0.0}, "robbery": {"f1": 0.0, "precision": 0.0, "recall": 0.0}}, "argument_type_metrics_per_class": {"PerpInd": {"f1": 0.4131455399061033, "precision": 0.6984126984126984, "recall": 0.29333333333333333}, "PerpOrg": {"f1": 0.5228758169934641, "precision": 0.8, "recall": 0.3883495145631068}, "Target": {"f1": 0.3699421965317919, "precision": 0.6956521739130435, "recall": 0.25196850393700787}, "Victim": {"f1": 0.5333333333333333, "precision": 0.6779661016949152, "recall": 0.43956043956043955}, "Weapon": {"f1": 0.5434782608695652, "precision": 0.7575757575757576, "recall": 0.423728813559322}, "Triggers": {"f1": 0.4347826086956522, "precision": 0.5, "recall": 0.38461538461538464}}}