{"overall_f1": 0.4513457556935818, "overall_precision": 0.5343137254901961, "overall_recall": 0.3906810035842294, "event_type_f1": 0.6946564885496181, "event_type_precision": 0.9891304347826086, "event_type_recall": 0.5352941176470588, "argument_f1": 0.3607954545454546, "argument_precision": 0.7298850574712644, "argument_recall": 0.23962264150943396, "event_type_metrics_per_class": {"attack": {"f1": 0.674846625766871, "precision": 0.9821428571428571, "recall": 0.514018691588785}, "bombing": {"f1": 0.7499999999999999, "precision": 1.0, "recall": 0.6}, "kidnapping": {"f1": 0.8421052631578948, "precision": 1.0, "recall": 0.7272727272727273}, "arson": {"f1": 0.5, "precision": 1.0, "recall": 0.3333333333333333}, "forced work stoppage": {"f1": 0.0, "precision": 0.0, "recall": 0.0}, "robbery": {"f1": 0.0, "precision": 0.0, "recall": 0.0}}, "argument_type_metrics_per_class": {"PerpInd": {"f1": 0.37, "precision": 0.74, "recall": 0.24666666666666667}, "PerpOrg": {"f1": 0.36879432624113473, "precision": 0.6842105263157895, "recall": 0.2524271844660194}, "Target": {"f1": 0.2119205298013245, "precision": 0.6666666666666666, "recall": 0.12598425196850394}, "Victim": {"f1": 0.5594405594405594, "precision": 0.7692307692307693, "recall": 0.43956043956043955}, "Weapon": {"f1": 0.23188405797101452, "precision": 0.8, "recall": 0.13559322033898305}, "Triggers": {"f1": 0.5365853658536585, "precision": 0.7333333333333333, "recall": 0.4230769230769231}}}