{"overall_f1": 0.491575817641229, "overall_precision": 0.5821596244131455, "overall_recall": 0.42538593481989706, "event_type_f1": 0.6870229007633587, "event_type_precision": 0.9782608695652174, "event_type_recall": 0.5294117647058824, "argument_f1": 0.42302543507362783, "argument_precision": 0.728110599078341, "argument_recall": 0.2981132075471698, "event_type_metrics_per_class": {"attack": {"f1": 0.5921052631578948, "precision": 1.0, "recall": 0.4205607476635514}, "bombing": {"f1": 0.8641975308641976, "precision": 0.9722222222222222, "recall": 0.7777777777777778}, "kidnapping": {"f1": 0.7999999999999999, "precision": 0.8888888888888888, "recall": 0.7272727272727273}, "arson": {"f1": 0.8, "precision": 1.0, "recall": 0.6666666666666666}, "forced work stoppage": {"f1": 0.0, "precision": 0.0, "recall": 0.0}, "robbery": {"f1": 0.0, "precision": 0.0, "recall": 0.0}}, "argument_type_metrics_per_class": {"PerpInd": {"f1": 0.336734693877551, "precision": 0.717391304347826, "recall": 0.22}, "PerpOrg": {"f1": 0.272, "precision": 0.7727272727272727, "recall": 0.1650485436893204}, "Target": {"f1": 0.3829787234042553, "precision": 0.5901639344262295, "recall": 0.28346456692913385}, "Victim": {"f1": 0.641025641025641, "precision": 0.7692307692307693, "recall": 0.5494505494505495}, "Weapon": {"f1": 0.5365853658536585, "precision": 0.9565217391304348, "recall": 0.3728813559322034}, "Triggers": {"f1": 0.46153846153846156, "precision": 0.6923076923076923, "recall": 0.34615384615384615}}}