{"overall_f1": 0.6615969581749049, "overall_precision": 0.6641221374045801, "overall_recall": 0.6590909090909091, "event_type_f1": 0.8571428571428572, "event_type_precision": 0.9642857142857143, "event_type_recall": 0.7714285714285715, "argument_f1": 0.6, "argument_precision": 0.759493670886076, "argument_recall": 0.49586776859504134, "event_type_metrics_per_class": {"attack": {"f1": 0.7692307692307693, "precision": 1.0, "recall": 0.625}, "bombing": {"f1": 0.9600000000000001, "precision": 0.9230769230769231, "recall": 1.0}, "kidnapping": {"f1": 0.888888888888889, "precision": 1.0, "recall": 0.8}, "arson": {"f1": 0.6666666666666666, "precision": 1.0, "recall": 0.5}, "forced work stoppage": {"f1": 0.0, "precision": 0.0, "recall": 0.0}, "robbery": {"f1": 0.0, "precision": 0.0, "recall": 0.0}}, "argument_type_metrics_per_class": {"PerpInd": {"f1": 0.5217391304347827, "precision": 0.8, "recall": 0.3870967741935484}, "PerpOrg": {"f1": 0.41379310344827586, "precision": 1.0, "recall": 0.2608695652173913}, "Target": {"f1": 0.576271186440678, "precision": 0.6538461538461539, "recall": 0.5151515151515151}, "Victim": {"f1": 0.6875, "precision": 0.7333333333333333, "recall": 0.6470588235294118}, "Weapon": {"f1": 0.8235294117647058, "precision": 0.8235294117647058, "recall": 0.8235294117647058}, "Triggers": {"f1": 0.06349206349206349, "precision": 0.07142857142857142, "recall": 0.05714285714285714}}}