{"overall_f1": 0.4705882352941177, "overall_precision": 0.345679012345679, "overall_recall": 0.7368421052631579, "event_type_f1": 0.9565217391304348, "event_type_precision": 1.0, "event_type_recall": 0.9166666666666666, "argument_f1": 0.3541666666666667, "argument_precision": 0.85, "argument_recall": 0.2236842105263158, "event_type_metrics_per_class": {"attack": {"f1": 0.888888888888889, "precision": 1.0, "recall": 0.8}, "bombing": {"f1": 1.0, "precision": 1.0, "recall": 1.0}, "kidnapping": {"f1": 1.0, "precision": 1.0, "recall": 1.0}, "arson": {"f1": 0.0, "precision": 0.0, "recall": 0.0}, "forced work stoppage": {"f1": 0.0, "precision": 0.0, "recall": 0.0}, "robbery": {"f1": 0.0, "precision": 0.0, "recall": 0.0}}, "argument_type_metrics_per_class": {"PerpInd": {"f1": 0.2222222222222222, "precision": 1.0, "recall": 0.125}, "PerpOrg": {"f1": 0.18181818181818182, "precision": 0.3333333333333333, "recall": 0.125}, "Target": {"f1": 0.47058823529411764, "precision": 1.0, "recall": 0.3076923076923077}, "Victim": {"f1": 0.4444444444444445, "precision": 1.0, "recall": 0.2857142857142857}, "Weapon": {"f1": 0.39999999999999997, "precision": 0.75, "recall": 0.2727272727272727}, "Triggers": {"f1": 0.8695652173913043, "precision": 0.9090909090909091, "recall": 0.8333333333333334}}}