{"overall_f1": 0.1951219512195122, "overall_precision": 0.2222222222222222, "overall_recall": 0.17391304347826086, "event_type_f1": 0.5714285714285715, "event_type_precision": 1.0, "event_type_recall": 0.4, "argument_f1": 0.11764705882352941, "argument_precision": 0.3333333333333333, "argument_recall": 0.07142857142857142, "event_type_metrics_per_class": {"attack": {"f1": 0.5, "precision": 1.0, "recall": 0.3333333333333333}, "bombing": {"f1": 0.6666666666666666, "precision": 1.0, "recall": 0.5}, "kidnapping": {"f1": 0.0, "precision": 0.0, "recall": 0.0}, "arson": {"f1": 0.0, "precision": 0.0, "recall": 0.0}, "forced work stoppage": {"f1": 0.0, "precision": 0.0, "recall": 0.0}, "robbery": {"f1": 0.0, "precision": 0.0, "recall": 0.0}}, "argument_type_metrics_per_class": {"PerpInd": {"f1": 0.0, "precision": 0.0, "recall": 0.0}, "PerpOrg": {"f1": 0.0, "precision": 0.0, "recall": 0.0}, "Target": {"f1": 0.13333333333333336, "precision": 0.5, "recall": 0.07692307692307693}, "Victim": {"f1": 0.0, "precision": 0.0, "recall": 0.0}, "Weapon": {"f1": 0.6666666666666666, "precision": 1.0, "recall": 0.5}, "Triggers": {"f1": 0.5, "precision": 1.0, "recall": 0.3333333333333333}}}