{"overall_f1": 0.30872483221476504, "overall_precision": 0.3333333333333333, "overall_recall": 0.2875, "event_type_f1": 0.64, "event_type_precision": 0.8888888888888888, "event_type_recall": 0.5, "argument_f1": 0.24193548387096775, "argument_precision": 0.6818181818181818, "argument_recall": 0.14705882352941177, "event_type_metrics_per_class": {"attack": {"f1": 0.4, "precision": 1.0, "recall": 0.25}, "bombing": {"f1": 0.9090909090909091, "precision": 0.8333333333333334, "recall": 1.0}, "kidnapping": {"f1": 0.0, "precision": 0.0, "recall": 0.0}, "arson": {"f1": 1.0, "precision": 1.0, "recall": 1.0}, "forced work stoppage": {"f1": 0.0, "precision": 0.0, "recall": 0.0}, "robbery": {"f1": 0.0, "precision": 0.0, "recall": 0.0}}, "argument_type_metrics_per_class": {"PerpInd": {"f1": 0.11764705882352941, "precision": 1.0, "recall": 0.0625}, "PerpOrg": {"f1": 0.1, "precision": 0.2, "recall": 0.06666666666666667}, "Target": {"f1": 0.23255813953488372, "precision": 0.625, "recall": 0.14285714285714285}, "Victim": {"f1": 0.5454545454545454, "precision": 1.0, "recall": 0.375}, "Weapon": {"f1": 0.5, "precision": 1.0, "recall": 0.3333333333333333}, "Triggers": {"f1": 0.6206896551724138, "precision": 1.0, "recall": 0.45}}}