{"overall_f1": 0.25, "overall_precision": 0.3157894736842105, "overall_recall": 0.20689655172413793, "event_type_f1": 0.4444444444444445, "event_type_precision": 0.5, "event_type_recall": 0.4, "argument_f1": 0.2051282051282051, "argument_precision": 0.36363636363636365, "argument_recall": 0.14285714285714285, "event_type_metrics_per_class": {"attack": {"f1": 0.0, "precision": 0.0, "recall": 0.0}, "bombing": {"f1": 0.6666666666666666, "precision": 0.5, "recall": 1.0}, "kidnapping": {"f1": 0.0, "precision": 0.0, "recall": 0.0}, "arson": {"f1": 0.0, "precision": 0.0, "recall": 0.0}, "forced work stoppage": {"f1": 0.0, "precision": 0.0, "recall": 0.0}, "robbery": {"f1": 0.0, "precision": 0.0, "recall": 0.0}}, "argument_type_metrics_per_class": {"PerpInd": {"f1": 0.25, "precision": 1.0, "recall": 0.14285714285714285}, "PerpOrg": {"f1": 0.0, "precision": 0.0, "recall": 0.0}, "Target": {"f1": 0.1, "precision": 0.14285714285714285, "recall": 0.07692307692307693}, "Victim": {"f1": 0.0, "precision": 0.0, "recall": 0.0}, "Weapon": {"f1": 1.0, "precision": 1.0, "recall": 1.0}, "Triggers": {"f1": 0.2, "precision": 0.25, "recall": 0.16666666666666666}}}