{"overall_f1": 0.4177215189873418, "overall_precision": 0.4074074074074074, "overall_recall": 0.42857142857142855, "event_type_f1": 0.7407407407407406, "event_type_precision": 0.9090909090909091, "event_type_recall": 0.625, "argument_f1": 0.3511450381679389, "argument_precision": 0.7931034482758621, "argument_recall": 0.22549019607843138, "event_type_metrics_per_class": {"attack": {"f1": 0.6666666666666666, "precision": 1.0, "recall": 0.5}, "bombing": {"f1": 0.888888888888889, "precision": 1.0, "recall": 0.8}, "kidnapping": {"f1": 0.6666666666666666, "precision": 1.0, "recall": 0.5}, "arson": {"f1": 0.6666666666666666, "precision": 0.5, "recall": 1.0}, "forced work stoppage": {"f1": 0.0, "precision": 0.0, "recall": 0.0}, "robbery": {"f1": 0.0, "precision": 0.0, "recall": 0.0}}, "argument_type_metrics_per_class": {"PerpInd": {"f1": 0.2702702702702703, "precision": 1.0, "recall": 0.15625}, "PerpOrg": {"f1": 0.0, "precision": 0.0, "recall": 0.0}, "Target": {"f1": 0.44, "precision": 0.7333333333333333, "recall": 0.3142857142857143}, "Victim": {"f1": 0.6666666666666666, "precision": 1.0, "recall": 0.5}, "Weapon": {"f1": 0.4, "precision": 1.0, "recall": 0.25}, "Triggers": {"f1": 0.5333333333333333, "precision": 0.8, "recall": 0.4}}}