{"overall_f1": 0.49090909090909096, "overall_precision": 0.5934065934065934, "overall_recall": 0.4186046511627907, "event_type_f1": 0.5660377358490566, "event_type_precision": 0.7894736842105263, "event_type_recall": 0.4411764705882353, "argument_f1": 0.46706586826347307, "argument_precision": 0.78, "argument_recall": 0.3333333333333333, "event_type_metrics_per_class": {"attack": {"f1": 0.4848484848484849, "precision": 0.7272727272727273, "recall": 0.36363636363636365}, "bombing": {"f1": 0.7058823529411764, "precision": 0.8571428571428571, "recall": 0.6}, "kidnapping": {"f1": 0.6666666666666666, "precision": 1.0, "recall": 0.5}, "arson": {"f1": 0.0, "precision": 0.0, "recall": 0.0}, "forced work stoppage": {"f1": 0.0, "precision": 0.0, "recall": 0.0}, "robbery": {"f1": 0.0, "precision": 0.0, "recall": 0.0}}, "argument_type_metrics_per_class": {"PerpInd": {"f1": 0.38297872340425526, "precision": 0.8181818181818182, "recall": 0.25}, "PerpOrg": {"f1": 0.21428571428571425, "precision": 1.0, "recall": 0.12}, "Target": {"f1": 0.5, "precision": 0.6111111111111112, "recall": 0.4230769230769231}, "Victim": {"f1": 0.8333333333333333, "precision": 0.9090909090909091, "recall": 0.7692307692307693}, "Weapon": {"f1": 0.5, "precision": 0.8571428571428571, "recall": 0.35294117647058826}, "Triggers": {"f1": 0.0, "precision": 0.0, "recall": 0.0}}}