{"overall_f1": 0.3473053892215569, "overall_precision": 0.3670886075949367, "overall_recall": 0.32954545454545453, "event_type_f1": 0.7317073170731707, "event_type_precision": 0.9375, "event_type_recall": 0.6, "argument_f1": 0.2222222222222222, "argument_precision": 0.5185185185185185, "argument_recall": 0.1414141414141414, "event_type_metrics_per_class": {"attack": {"f1": 0.7692307692307692, "precision": 0.9090909090909091, "recall": 0.6666666666666666}, "bombing": {"f1": 0.6666666666666666, "precision": 1.0, "recall": 0.5}, "kidnapping": {"f1": 0.8571428571428571, "precision": 1.0, "recall": 0.75}, "arson": {"f1": 0.0, "precision": 0.0, "recall": 0.0}, "forced work stoppage": {"f1": 0.0, "precision": 0.0, "recall": 0.0}, "robbery": {"f1": 0.0, "precision": 0.0, "recall": 0.0}}, "argument_type_metrics_per_class": {"PerpInd": {"f1": 0.12903225806451613, "precision": 0.6666666666666666, "recall": 0.07142857142857142}, "PerpOrg": {"f1": 0.37500000000000006, "precision": 0.6666666666666666, "recall": 0.2608695652173913}, "Target": {"f1": 0.05128205128205128, "precision": 0.25, "recall": 0.02857142857142857}, "Victim": {"f1": 0.5, "precision": 0.5555555555555556, "recall": 0.45454545454545453}, "Weapon": {"f1": 0.0, "precision": 0.0, "recall": 0.0}, "Triggers": {"f1": 0.5925925925925926, "precision": 1.0, "recall": 0.42105263157894735}}}