{"overall_f1": 0.2549019607843137, "overall_precision": 0.4727272727272727, "overall_recall": 0.174496644295302, "event_type_f1": 0.4444444444444445, "event_type_precision": 0.9090909090909091, "event_type_recall": 0.29411764705882354, "argument_f1": 0.2012578616352201, "argument_precision": 0.6666666666666666, "argument_recall": 0.11851851851851852, "event_type_metrics_per_class": {"attack": {"f1": 0.4347826086956522, "precision": 1.0, "recall": 0.2777777777777778}, "bombing": {"f1": 0.5714285714285714, "precision": 0.8, "recall": 0.4444444444444444}, "kidnapping": {"f1": 0.33333333333333337, "precision": 1.0, "recall": 0.2}, "arson": {"f1": 0.0, "precision": 0.0, "recall": 0.0}, "forced work stoppage": {"f1": 0.0, "precision": 0.0, "recall": 0.0}, "robbery": {"f1": 0.0, "precision": 0.0, "recall": 0.0}}, "argument_type_metrics_per_class": {"PerpInd": {"f1": 0.1081081081081081, "precision": 1.0, "recall": 0.05714285714285714}, "PerpOrg": {"f1": 0.29268292682926833, "precision": 0.8571428571428571, "recall": 0.17647058823529413}, "Target": {"f1": 0.12244897959183675, "precision": 0.75, "recall": 0.06666666666666667}, "Victim": {"f1": 0.4545454545454545, "precision": 0.7142857142857143, "recall": 0.3333333333333333}, "Weapon": {"f1": 0.0, "precision": 0.0, "recall": 0.0}, "Triggers": {"f1": 0.2898550724637681, "precision": 0.9090909090909091, "recall": 0.1724137931034483}}}