{"overall_f1": 0.25490196078431376, "overall_precision": 0.40625, "overall_recall": 0.18571428571428572, "event_type_f1": 0.46808510638297873, "event_type_precision": 0.8461538461538461, "event_type_recall": 0.3235294117647059, "argument_f1": 0.19108280254777069, "argument_precision": 0.6818181818181818, "argument_recall": 0.1111111111111111, "event_type_metrics_per_class": {"attack": {"f1": 0.5384615384615385, "precision": 0.875, "recall": 0.3888888888888889}, "bombing": {"f1": 0.3333333333333333, "precision": 0.6666666666666666, "recall": 0.2222222222222222}, "kidnapping": {"f1": 0.5714285714285715, "precision": 1.0, "recall": 0.4}, "arson": {"f1": 0.0, "precision": 0.0, "recall": 0.0}, "forced work stoppage": {"f1": 0.0, "precision": 0.0, "recall": 0.0}, "robbery": {"f1": 0.0, "precision": 0.0, "recall": 0.0}}, "argument_type_metrics_per_class": {"PerpInd": {"f1": 0.05405405405405405, "precision": 0.5, "recall": 0.02857142857142857}, "PerpOrg": {"f1": 0.15789473684210525, "precision": 0.75, "recall": 0.08823529411764706}, "Target": {"f1": 0.2545454545454545, "precision": 0.7, "recall": 0.15555555555555556}, "Victim": {"f1": 0.31578947368421056, "precision": 0.75, "recall": 0.2}, "Weapon": {"f1": 0.25, "precision": 0.5, "recall": 0.16666666666666666}, "Triggers": {"f1": 0.30985915492957744, "precision": 0.8461538461538461, "recall": 0.1896551724137931}}}