{"overall_f1": 0.32558139534883723, "overall_precision": 0.2916666666666667, "overall_recall": 0.3684210526315789, "event_type_f1": 0.8, "event_type_precision": 1.0, "event_type_recall": 0.6666666666666666, "argument_f1": 0.2631578947368421, "argument_precision": 0.8333333333333334, "argument_recall": 0.15625, "event_type_metrics_per_class": {"attack": {"f1": 0.8, "precision": 1.0, "recall": 0.6666666666666666}, "bombing": {"f1": 0.0, "precision": 0.0, "recall": 0.0}, "kidnapping": {"f1": 0.0, "precision": 0.0, "recall": 0.0}, "arson": {"f1": 0.0, "precision": 0.0, "recall": 0.0}, "forced work stoppage": {"f1": 0.0, "precision": 0.0, "recall": 0.0}, "robbery": {"f1": 0.0, "precision": 0.0, "recall": 0.0}}, "argument_type_metrics_per_class": {"PerpInd": {"f1": 0.6666666666666666, "precision": 1.0, "recall": 0.5}, "PerpOrg": {"f1": 0.4, "precision": 1.0, "recall": 0.25}, "Target": {"f1": 0.25, "precision": 0.6666666666666666, "recall": 0.15384615384615385}, "Victim": {"f1": 0.0, "precision": 0.0, "recall": 0.0}, "Weapon": {"f1": 0.0, "precision": 0.0, "recall": 0.0}, "Triggers": {"f1": 0.4, "precision": 0.5, "recall": 0.3333333333333333}}}