{"overall_f1": 0.5397412199630314, "overall_precision": 0.6058091286307054, "overall_recall": 0.4866666666666667, "event_type_f1": 0.6931407942238268, "event_type_precision": 0.897196261682243, "event_type_recall": 0.5647058823529412, "argument_f1": 0.48695652173913045, "argument_precision": 0.7127272727272728, "argument_recall": 0.36981132075471695, "event_type_metrics_per_class": {"attack": {"f1": 0.6503067484662577, "precision": 0.9464285714285714, "recall": 0.4953271028037383}, "bombing": {"f1": 0.7906976744186047, "precision": 0.8292682926829268, "recall": 0.7555555555555555}, "kidnapping": {"f1": 0.7777777777777778, "precision": 1.0, "recall": 0.6363636363636364}, "arson": {"f1": 0.6666666666666666, "precision": 0.6666666666666666, "recall": 0.6666666666666666}, "forced work stoppage": {"f1": 0.0, "precision": 0.0, "recall": 0.0}, "robbery": {"f1": 0.0, "precision": 0.0, "recall": 0.0}}, "argument_type_metrics_per_class": {"PerpInd": {"f1": 0.40384615384615385, "precision": 0.7241379310344828, "recall": 0.28}, "PerpOrg": {"f1": 0.29457364341085274, "precision": 0.7307692307692307, "recall": 0.18446601941747573}, "Target": {"f1": 0.5071770334928228, "precision": 0.6463414634146342, "recall": 0.41732283464566927}, "Victim": {"f1": 0.6790123456790124, "precision": 0.7746478873239436, "recall": 0.6043956043956044}, "Weapon": {"f1": 0.5567010309278351, "precision": 0.7105263157894737, "recall": 0.4576271186440678}, "Triggers": {"f1": 0.036101083032490974, "precision": 0.04672897196261682, "recall": 0.029411764705882353}}}