{"overall_f1": 0.2608695652173913, "overall_precision": 0.4426229508196721, "overall_recall": 0.18493150684931506, "event_type_f1": 0.4444444444444445, "event_type_precision": 0.9090909090909091, "event_type_recall": 0.29411764705882354, "argument_f1": 0.20987654320987656, "argument_precision": 0.6296296296296297, "argument_recall": 0.1259259259259259, "event_type_metrics_per_class": {"attack": {"f1": 0.56, "precision": 1.0, "recall": 0.3888888888888889}, "bombing": {"f1": 0.3333333333333333, "precision": 0.6666666666666666, "recall": 0.2222222222222222}, "kidnapping": {"f1": 0.33333333333333337, "precision": 1.0, "recall": 0.2}, "arson": {"f1": 0.0, "precision": 0.0, "recall": 0.0}, "forced work stoppage": {"f1": 0.0, "precision": 0.0, "recall": 0.0}, "robbery": {"f1": 0.0, "precision": 0.0, "recall": 0.0}}, "argument_type_metrics_per_class": {"PerpInd": {"f1": 0.05263157894736842, "precision": 0.3333333333333333, "recall": 0.02857142857142857}, "PerpOrg": {"f1": 0.15789473684210525, "precision": 0.75, "recall": 0.08823529411764706}, "Target": {"f1": 0.2807017543859649, "precision": 0.6666666666666666, "recall": 0.17777777777777778}, "Victim": {"f1": 0.43478260869565216, "precision": 0.625, "recall": 0.3333333333333333}, "Weapon": {"f1": 0.0, "precision": 0.0, "recall": 0.0}, "Triggers": {"f1": 0.0, "precision": 0.0, "recall": 0.0}}}