{"overall_f1": 0.5198555956678701, "overall_precision": 0.5581395348837209, "overall_recall": 0.4864864864864865, "event_type_f1": 0.7901234567901234, "event_type_precision": 0.9696969696969697, "event_type_recall": 0.6666666666666666, "argument_f1": 0.40816326530612246, "argument_precision": 0.6779661016949152, "argument_recall": 0.291970802919708, "event_type_metrics_per_class": {"attack": {"f1": 0.7540983606557377, "precision": 0.9583333333333334, "recall": 0.6216216216216216}, "bombing": {"f1": 1.0, "precision": 1.0, "recall": 1.0}, "kidnapping": {"f1": 0.7499999999999999, "precision": 1.0, "recall": 0.6}, "arson": {"f1": 0.0, "precision": 0.0, "recall": 0.0}, "forced work stoppage": {"f1": 0.0, "precision": 0.0, "recall": 0.0}, "robbery": {"f1": 0.0, "precision": 0.0, "recall": 0.0}}, "argument_type_metrics_per_class": {"PerpInd": {"f1": 0.37209302325581395, "precision": 0.7272727272727273, "recall": 0.25}, "PerpOrg": {"f1": 0.4285714285714286, "precision": 0.6428571428571429, "recall": 0.32142857142857145}, "Target": {"f1": 0.4363636363636364, "precision": 0.75, "recall": 0.3076923076923077}, "Victim": {"f1": 0.37209302325581395, "precision": 0.6153846153846154, "recall": 0.26666666666666666}, "Weapon": {"f1": 0.4615384615384615, "precision": 0.6, "recall": 0.375}, "Triggers": {"f1": 0.6808510638297871, "precision": 0.9696969696969697, "recall": 0.5245901639344263}}}