{"overall_f1": 0.2777777777777778, "overall_precision": 0.43956043956043955, "overall_recall": 0.20304568527918782, "event_type_f1": 0.41558441558441556, "event_type_precision": 0.6956521739130435, "event_type_recall": 0.2962962962962963, "argument_f1": 0.22748815165876776, "argument_precision": 0.5, "argument_recall": 0.147239263803681, "event_type_metrics_per_class": {"attack": {"f1": 0.4, "precision": 0.7333333333333333, "recall": 0.275}, "bombing": {"f1": 0.42857142857142855, "precision": 0.5, "recall": 0.375}, "kidnapping": {"f1": 0.33333333333333337, "precision": 1.0, "recall": 0.2}, "arson": {"f1": 1.0, "precision": 1.0, "recall": 1.0}, "forced work stoppage": {"f1": 0.0, "precision": 0.0, "recall": 0.0}, "robbery": {"f1": 0.0, "precision": 0.0, "recall": 0.0}}, "argument_type_metrics_per_class": {"PerpInd": {"f1": 0.1923076923076923, "precision": 0.5, "recall": 0.11904761904761904}, "PerpOrg": {"f1": 0.20833333333333334, "precision": 0.4166666666666667, "recall": 0.1388888888888889}, "Target": {"f1": 0.19607843137254902, "precision": 0.7142857142857143, "recall": 0.11363636363636363}, "Victim": {"f1": 0.3555555555555555, "precision": 0.5333333333333333, "recall": 0.26666666666666666}, "Weapon": {"f1": 0.13333333333333333, "precision": 0.25, "recall": 0.09090909090909091}, "Triggers": {"f1": 0.3076923076923077, "precision": 0.6956521739130435, "recall": 0.19753086419753085}}}