{"overall_f1": 0.4174454828660436, "overall_precision": 0.46853146853146854, "overall_recall": 0.37640449438202245, "event_type_f1": 0.4827586206896552, "event_type_precision": 0.6363636363636364, "event_type_recall": 0.3888888888888889, "argument_f1": 0.39316239316239315, "argument_precision": 0.647887323943662, "argument_recall": 0.2822085889570552, "event_type_metrics_per_class": {"attack": {"f1": 0.4666666666666667, "precision": 0.7, "recall": 0.35}, "bombing": {"f1": 0.5714285714285715, "precision": 0.6666666666666666, "recall": 0.5}, "kidnapping": {"f1": 0.4444444444444445, "precision": 0.5, "recall": 0.4}, "arson": {"f1": 0.5, "precision": 0.3333333333333333, "recall": 1.0}, "forced work stoppage": {"f1": 0.0, "precision": 0.0, "recall": 0.0}, "robbery": {"f1": 0.0, "precision": 0.0, "recall": 0.0}}, "argument_type_metrics_per_class": {"PerpInd": {"f1": 0.3508771929824562, "precision": 0.6666666666666666, "recall": 0.23809523809523808}, "PerpOrg": {"f1": 0.23255813953488372, "precision": 0.7142857142857143, "recall": 0.1388888888888889}, "Target": {"f1": 0.3636363636363636, "precision": 0.5454545454545454, "recall": 0.2727272727272727}, "Victim": {"f1": 0.576923076923077, "precision": 0.6818181818181818, "recall": 0.5}, "Weapon": {"f1": 0.5000000000000001, "precision": 0.8, "recall": 0.36363636363636365}, "Triggers": {"f1": 0.33333333333333337, "precision": 0.5806451612903226, "recall": 0.23376623376623376}}}