{"overall_f1": 0.3461538461538462, "overall_precision": 0.75, "overall_recall": 0.225, "event_type_f1": 0.26666666666666666, "event_type_precision": 0.6666666666666666, "event_type_recall": 0.16666666666666666, "argument_f1": 0.37837837837837834, "argument_precision": 0.6363636363636364, "argument_recall": 0.2692307692307692, "event_type_metrics_per_class": {"attack": {"f1": 0.3636363636363636, "precision": 1.0, "recall": 0.2222222222222222}, "bombing": {"f1": 0.0, "precision": 0.0, "recall": 0.0}, "kidnapping": {"f1": 0.0, "precision": 0.0, "recall": 0.0}, "arson": {"f1": 0.0, "precision": 0.0, "recall": 0.0}, "forced work stoppage": {"f1": 0.0, "precision": 0.0, "recall": 0.0}, "robbery": {"f1": 0.0, "precision": 0.0, "recall": 0.0}}, "argument_type_metrics_per_class": {"PerpInd": {"f1": 0.36363636363636365, "precision": 0.6666666666666666, "recall": 0.25}, "PerpOrg": {"f1": 0.2857142857142857, "precision": 1.0, "recall": 0.16666666666666666}, "Target": {"f1": 0.0, "precision": 0.0, "recall": 0.0}, "Victim": {"f1": 0.5333333333333333, "precision": 0.5714285714285714, "recall": 0.5}, "Weapon": {"f1": 0.0, "precision": 0.0, "recall": 0.0}, "Triggers": {"f1": 0.3157894736842105, "precision": 1.0, "recall": 0.1875}}}