{"overall_f1": 0.5641025641025641, "overall_precision": 0.7333333333333333, "overall_recall": 0.4583333333333333, "event_type_f1": 0.6666666666666666, "event_type_precision": 1.0, "event_type_recall": 0.5, "argument_f1": 0.5333333333333333, "argument_precision": 0.8888888888888888, "argument_recall": 0.38095238095238093, "event_type_metrics_per_class": {"attack": {"f1": 0.5, "precision": 1.0, "recall": 0.3333333333333333}, "bombing": {"f1": 0.6666666666666666, "precision": 1.0, "recall": 0.5}, "kidnapping": {"f1": 1.0, "precision": 1.0, "recall": 1.0}, "arson": {"f1": 0.0, "precision": 0.0, "recall": 0.0}, "forced work stoppage": {"f1": 0.0, "precision": 0.0, "recall": 0.0}, "robbery": {"f1": 0.0, "precision": 0.0, "recall": 0.0}}, "argument_type_metrics_per_class": {"PerpInd": {"f1": 0.5, "precision": 1.0, "recall": 0.3333333333333333}, "PerpOrg": {"f1": 0.33333333333333337, "precision": 1.0, "recall": 0.2}, "Target": {"f1": 0.0, "precision": 0.0, "recall": 0.0}, "Victim": {"f1": 0.8571428571428571, "precision": 0.75, "recall": 1.0}, "Weapon": {"f1": 0.6666666666666666, "precision": 1.0, "recall": 0.5}, "Triggers": {"f1": 0.2222222222222222, "precision": 0.3333333333333333, "recall": 0.16666666666666666}}}