{"overall_f1": 0.21374045801526714, "overall_precision": 0.3684210526315789, "overall_recall": 0.15053763440860216, "event_type_f1": 0.34146341463414637, "event_type_precision": 0.6363636363636364, "event_type_recall": 0.23333333333333334, "argument_f1": 0.15555555555555556, "argument_precision": 0.4375, "argument_recall": 0.0945945945945946, "event_type_metrics_per_class": {"attack": {"f1": 0.36363636363636365, "precision": 0.75, "recall": 0.24}, "bombing": {"f1": 0.28571428571428575, "precision": 0.3333333333333333, "recall": 0.25}, "kidnapping": {"f1": 0.0, "precision": 0.0, "recall": 0.0}, "arson": {"f1": 0.0, "precision": 0.0, "recall": 0.0}, "forced work stoppage": {"f1": 0.0, "precision": 0.0, "recall": 0.0}, "robbery": {"f1": 0.0, "precision": 0.0, "recall": 0.0}}, "argument_type_metrics_per_class": {"PerpInd": {"f1": 0.16666666666666669, "precision": 0.5, "recall": 0.1}, "PerpOrg": {"f1": 0.09523809523809525, "precision": 0.5, "recall": 0.05263157894736842}, "Target": {"f1": 0.08333333333333333, "precision": 0.3333333333333333, "recall": 0.047619047619047616}, "Victim": {"f1": 0.37499999999999994, "precision": 0.6, "recall": 0.2727272727272727}, "Weapon": {"f1": 0.0, "precision": 0.0, "recall": 0.0}, "Triggers": {"f1": 0.0, "precision": 0.0, "recall": 0.0}}}