{"overall_f1": 0.471042471042471, "overall_precision": 0.4420289855072464, "overall_recall": 0.5041322314049587, "event_type_f1": 0.8923076923076924, "event_type_precision": 1.0, "event_type_recall": 0.8055555555555556, "argument_f1": 0.32989690721649484, "argument_precision": 0.6274509803921569, "argument_recall": 0.22377622377622378, "event_type_metrics_per_class": {"attack": {"f1": 0.8421052631578948, "precision": 1.0, "recall": 0.7272727272727273}, "bombing": {"f1": 1.0, "precision": 1.0, "recall": 1.0}, "kidnapping": {"f1": 0.0, "precision": 0.0, "recall": 0.0}, "arson": {"f1": 1.0, "precision": 1.0, "recall": 1.0}, "forced work stoppage": {"f1": 0.0, "precision": 0.0, "recall": 0.0}, "robbery": {"f1": 0.0, "precision": 0.0, "recall": 0.0}}, "argument_type_metrics_per_class": {"PerpInd": {"f1": 0.3214285714285714, "precision": 0.5625, "recall": 0.225}, "PerpOrg": {"f1": 0.2857142857142857, "precision": 0.7142857142857143, "recall": 0.17857142857142858}, "Target": {"f1": 0.30434782608695654, "precision": 0.6363636363636364, "recall": 0.2}, "Victim": {"f1": 0.3333333333333333, "precision": 0.7142857142857143, "recall": 0.21739130434782608}, "Weapon": {"f1": 0.4444444444444445, "precision": 0.6, "recall": 0.35294117647058826}, "Triggers": {"f1": 0.5333333333333333, "precision": 0.5714285714285714, "recall": 0.5}}}