{"overall_f1": 0.4797047970479704, "overall_precision": 0.4304635761589404, "overall_recall": 0.5416666666666666, "event_type_f1": 0.9090909090909091, "event_type_precision": 1.0, "event_type_recall": 0.8333333333333334, "argument_f1": 0.34146341463414637, "argument_precision": 0.5645161290322581, "argument_recall": 0.24475524475524477, "event_type_metrics_per_class": {"attack": {"f1": 0.8717948717948718, "precision": 1.0, "recall": 0.7727272727272727}, "bombing": {"f1": 1.0, "precision": 1.0, "recall": 1.0}, "kidnapping": {"f1": 0.0, "precision": 0.0, "recall": 0.0}, "arson": {"f1": 1.0, "precision": 1.0, "recall": 1.0}, "forced work stoppage": {"f1": 0.0, "precision": 0.0, "recall": 0.0}, "robbery": {"f1": 0.0, "precision": 0.0, "recall": 0.0}}, "argument_type_metrics_per_class": {"PerpInd": {"f1": 0.2758620689655173, "precision": 0.4444444444444444, "recall": 0.2}, "PerpOrg": {"f1": 0.3157894736842105, "precision": 0.6, "recall": 0.21428571428571427}, "Target": {"f1": 0.4, "precision": 0.55, "recall": 0.3142857142857143}, "Victim": {"f1": 0.4516129032258065, "precision": 0.875, "recall": 0.30434782608695654}, "Weapon": {"f1": 0.2608695652173913, "precision": 0.5, "recall": 0.17647058823529413}, "Triggers": {"f1": 0.5333333333333333, "precision": 0.5714285714285714, "recall": 0.5}}}