{"overall_f1": 0.3303571428571429, "overall_precision": 0.3978494623655914, "overall_recall": 0.2824427480916031, "event_type_f1": 0.5490196078431373, "event_type_precision": 0.9333333333333333, "event_type_recall": 0.3888888888888889, "argument_f1": 0.2658959537572254, "argument_precision": 0.7666666666666667, "argument_recall": 0.16083916083916083, "event_type_metrics_per_class": {"attack": {"f1": 0.6470588235294118, "precision": 0.9166666666666666, "recall": 0.5}, "bombing": {"f1": 0.4, "precision": 1.0, "recall": 0.25}, "kidnapping": {"f1": 0.0, "precision": 0.0, "recall": 0.0}, "arson": {"f1": 0.0, "precision": 0.0, "recall": 0.0}, "forced work stoppage": {"f1": 0.0, "precision": 0.0, "recall": 0.0}, "robbery": {"f1": 0.0, "precision": 0.0, "recall": 0.0}}, "argument_type_metrics_per_class": {"PerpInd": {"f1": 0.2857142857142857, "precision": 0.7777777777777778, "recall": 0.175}, "PerpOrg": {"f1": 0.3243243243243243, "precision": 0.6666666666666666, "recall": 0.21428571428571427}, "Target": {"f1": 0.15, "precision": 0.6, "recall": 0.08571428571428572}, "Victim": {"f1": 0.4666666666666667, "precision": 1.0, "recall": 0.30434782608695654}, "Weapon": {"f1": 0.0, "precision": 0.0, "recall": 0.0}, "Triggers": {"f1": 0.6153846153846154, "precision": 0.8, "recall": 0.5}}}