{"overall_f1": 0.4471544715447155, "overall_precision": 0.5045871559633027, "overall_recall": 0.40145985401459855, "event_type_f1": 0.6785714285714285, "event_type_precision": 0.95, "event_type_recall": 0.5277777777777778, "argument_f1": 0.37894736842105264, "argument_precision": 0.7659574468085106, "argument_recall": 0.2517482517482518, "event_type_metrics_per_class": {"attack": {"f1": 0.6666666666666666, "precision": 1.0, "recall": 0.5}, "bombing": {"f1": 0.7368421052631579, "precision": 1.0, "recall": 0.5833333333333334}, "kidnapping": {"f1": 0.0, "precision": 0.0, "recall": 0.0}, "arson": {"f1": 1.0, "precision": 1.0, "recall": 1.0}, "forced work stoppage": {"f1": 0.0, "precision": 0.0, "recall": 0.0}, "robbery": {"f1": 0.0, "precision": 0.0, "recall": 0.0}}, "argument_type_metrics_per_class": {"PerpInd": {"f1": 0.20833333333333334, "precision": 0.625, "recall": 0.125}, "PerpOrg": {"f1": 0.13333333333333333, "precision": 1.0, "recall": 0.07142857142857142}, "Target": {"f1": 0.28571428571428575, "precision": 0.5, "recall": 0.2}, "Victim": {"f1": 0.8571428571428571, "precision": 0.9473684210526315, "recall": 0.782608695652174}, "Weapon": {"f1": 0.38095238095238093, "precision": 1.0, "recall": 0.23529411764705882}, "Triggers": {"f1": 0.5, "precision": 0.75, "recall": 0.375}}}