{"overall_f1": 0.5104895104895105, "overall_precision": 0.48026315789473684, "overall_recall": 0.5447761194029851, "event_type_f1": 0.9090909090909091, "event_type_precision": 1.0, "event_type_recall": 0.8333333333333334, "argument_f1": 0.3909090909090909, "argument_precision": 0.5584415584415584, "argument_recall": 0.3006993006993007, "event_type_metrics_per_class": {"attack": {"f1": 0.9268292682926829, "precision": 1.0, "recall": 0.8636363636363636}, "bombing": {"f1": 0.9090909090909091, "precision": 1.0, "recall": 0.8333333333333334}, "kidnapping": {"f1": 0.0, "precision": 0.0, "recall": 0.0}, "arson": {"f1": 1.0, "precision": 1.0, "recall": 1.0}, "forced work stoppage": {"f1": 0.0, "precision": 0.0, "recall": 0.0}, "robbery": {"f1": 0.0, "precision": 0.0, "recall": 0.0}}, "argument_type_metrics_per_class": {"PerpInd": {"f1": 0.3, "precision": 0.45, "recall": 0.225}, "PerpOrg": {"f1": 0.34285714285714286, "precision": 0.8571428571428571, "recall": 0.21428571428571427}, "Target": {"f1": 0.4482758620689655, "precision": 0.5652173913043478, "recall": 0.37142857142857144}, "Victim": {"f1": 0.6046511627906976, "precision": 0.65, "recall": 0.5652173913043478}, "Weapon": {"f1": 0.16666666666666666, "precision": 0.2857142857142857, "recall": 0.11764705882352941}, "Triggers": {"f1": 0.8181818181818182, "precision": 0.9, "recall": 0.75}}}