{"overall_f1": 0.39199999999999996, "overall_precision": 0.3684210526315789, "overall_recall": 0.4188034188034188, "event_type_f1": 0.6885245901639344, "event_type_precision": 0.84, "event_type_recall": 0.5833333333333334, "argument_f1": 0.29629629629629634, "argument_precision": 0.6086956521739131, "argument_recall": 0.1958041958041958, "event_type_metrics_per_class": {"attack": {"f1": 0.7999999999999999, "precision": 0.8888888888888888, "recall": 0.7272727272727273}, "bombing": {"f1": 0.5263157894736842, "precision": 0.7142857142857143, "recall": 0.4166666666666667}, "kidnapping": {"f1": 0.0, "precision": 0.0, "recall": 0.0}, "arson": {"f1": 0.0, "precision": 0.0, "recall": 0.0}, "forced work stoppage": {"f1": 0.0, "precision": 0.0, "recall": 0.0}, "robbery": {"f1": 0.0, "precision": 0.0, "recall": 0.0}}, "argument_type_metrics_per_class": {"PerpInd": {"f1": 0.27450980392156865, "precision": 0.6363636363636364, "recall": 0.175}, "PerpOrg": {"f1": 0.2702702702702703, "precision": 0.5555555555555556, "recall": 0.17857142857142858}, "Target": {"f1": 0.22222222222222224, "precision": 0.5, "recall": 0.14285714285714285}, "Victim": {"f1": 0.5294117647058824, "precision": 0.8181818181818182, "recall": 0.391304347826087}, "Weapon": {"f1": 0.1818181818181818, "precision": 0.4, "recall": 0.11764705882352941}, "Triggers": {"f1": 0.6885245901639344, "precision": 0.84, "recall": 0.5833333333333334}}}