{"overall_f1": 0.4206008583690987, "overall_precision": 0.47572815533980584, "overall_recall": 0.3769230769230769, "event_type_f1": 0.6666666666666666, "event_type_precision": 1.0, "event_type_recall": 0.5, "argument_f1": 0.3463687150837989, "argument_precision": 0.8611111111111112, "argument_recall": 0.21678321678321677, "event_type_metrics_per_class": {"attack": {"f1": 0.7777777777777778, "precision": 1.0, "recall": 0.6363636363636364}, "bombing": {"f1": 0.5, "precision": 1.0, "recall": 0.3333333333333333}, "kidnapping": {"f1": 0.0, "precision": 0.0, "recall": 0.0}, "arson": {"f1": 0.0, "precision": 0.0, "recall": 0.0}, "forced work stoppage": {"f1": 0.0, "precision": 0.0, "recall": 0.0}, "robbery": {"f1": 0.0, "precision": 0.0, "recall": 0.0}}, "argument_type_metrics_per_class": {"PerpInd": {"f1": 0.29166666666666663, "precision": 0.875, "recall": 0.175}, "PerpOrg": {"f1": 0.12903225806451613, "precision": 0.6666666666666666, "recall": 0.07142857142857142}, "Target": {"f1": 0.42553191489361697, "precision": 0.8333333333333334, "recall": 0.2857142857142857}, "Victim": {"f1": 0.5625, "precision": 1.0, "recall": 0.391304347826087}, "Weapon": {"f1": 0.2857142857142857, "precision": 0.75, "recall": 0.17647058823529413}, "Triggers": {"f1": 0.5555555555555556, "precision": 0.8333333333333334, "recall": 0.4166666666666667}}}