{"overall_f1": 0.6352941176470589, "overall_precision": 0.574468085106383, "overall_recall": 0.7105263157894737, "event_type_f1": 0.9538461538461539, "event_type_precision": 1.0, "event_type_recall": 0.9117647058823529, "argument_f1": 0.5263157894736843, "argument_precision": 0.684931506849315, "argument_recall": 0.42735042735042733, "event_type_metrics_per_class": {"attack": {"f1": 0.9268292682926829, "precision": 1.0, "recall": 0.8636363636363636}, "bombing": {"f1": 1.0, "precision": 1.0, "recall": 1.0}, "kidnapping": {"f1": 1.0, "precision": 1.0, "recall": 1.0}, "arson": {"f1": 0.0, "precision": 0.0, "recall": 0.0}, "forced work stoppage": {"f1": 0.0, "precision": 0.0, "recall": 0.0}, "robbery": {"f1": 0.0, "precision": 0.0, "recall": 0.0}}, "argument_type_metrics_per_class": {"PerpInd": {"f1": 0.5862068965517242, "precision": 0.7727272727272727, "recall": 0.4722222222222222}, "PerpOrg": {"f1": 0.48648648648648657, "precision": 0.75, "recall": 0.36}, "Target": {"f1": 0.3, "precision": 0.42857142857142855, "recall": 0.23076923076923078}, "Victim": {"f1": 0.6666666666666666, "precision": 0.6428571428571429, "recall": 0.6923076923076923}, "Weapon": {"f1": 0.6428571428571428, "precision": 0.8181818181818182, "recall": 0.5294117647058824}, "Triggers": {"f1": 0.923076923076923, "precision": 0.967741935483871, "recall": 0.8823529411764706}}}