{"overall_f1": 0.4684684684684684, "overall_precision": 0.416, "overall_recall": 0.5360824742268041, "event_type_f1": 0.819672131147541, "event_type_precision": 0.9259259259259259, "event_type_recall": 0.7352941176470589, "argument_f1": 0.33540372670807456, "argument_precision": 0.6136363636363636, "argument_recall": 0.23076923076923078, "event_type_metrics_per_class": {"attack": {"f1": 0.8205128205128205, "precision": 0.9411764705882353, "recall": 0.7272727272727273}, "bombing": {"f1": 0.7777777777777777, "precision": 0.875, "recall": 0.7}, "kidnapping": {"f1": 1.0, "precision": 1.0, "recall": 1.0}, "arson": {"f1": 0.0, "precision": 0.0, "recall": 0.0}, "forced work stoppage": {"f1": 0.0, "precision": 0.0, "recall": 0.0}, "robbery": {"f1": 0.0, "precision": 0.0, "recall": 0.0}}, "argument_type_metrics_per_class": {"PerpInd": {"f1": 0.3018867924528302, "precision": 0.47058823529411764, "recall": 0.2222222222222222}, "PerpOrg": {"f1": 0.33333333333333337, "precision": 1.0, "recall": 0.2}, "Target": {"f1": 0.1875, "precision": 0.5, "recall": 0.11538461538461539}, "Victim": {"f1": 0.5217391304347826, "precision": 0.6, "recall": 0.46153846153846156}, "Weapon": {"f1": 0.4347826086956522, "precision": 0.8333333333333334, "recall": 0.29411764705882354}, "Triggers": {"f1": 0.819672131147541, "precision": 0.9259259259259259, "recall": 0.7352941176470589}}}