{"overall_f1": 0.4174757281553398, "overall_precision": 0.5, "overall_recall": 0.35833333333333334, "event_type_f1": 0.6153846153846153, "event_type_precision": 0.8888888888888888, "event_type_recall": 0.47058823529411764, "argument_f1": 0.3506493506493507, "argument_precision": 0.7297297297297297, "argument_recall": 0.23076923076923078, "event_type_metrics_per_class": {"attack": {"f1": 0.5161290322580644, "precision": 0.8888888888888888, "recall": 0.36363636363636365}, "bombing": {"f1": 0.7058823529411764, "precision": 0.8571428571428571, "recall": 0.6}, "kidnapping": {"f1": 1.0, "precision": 1.0, "recall": 1.0}, "arson": {"f1": 0.0, "precision": 0.0, "recall": 0.0}, "forced work stoppage": {"f1": 0.0, "precision": 0.0, "recall": 0.0}, "robbery": {"f1": 0.0, "precision": 0.0, "recall": 0.0}}, "argument_type_metrics_per_class": {"PerpInd": {"f1": 0.27906976744186046, "precision": 0.8571428571428571, "recall": 0.16666666666666666}, "PerpOrg": {"f1": 0.20689655172413793, "precision": 0.75, "recall": 0.12}, "Target": {"f1": 0.33333333333333337, "precision": 0.6, "recall": 0.23076923076923078}, "Victim": {"f1": 0.6666666666666667, "precision": 0.7272727272727273, "recall": 0.6153846153846154}, "Weapon": {"f1": 0.3636363636363636, "precision": 0.8, "recall": 0.23529411764705882}, "Triggers": {"f1": 0.6153846153846153, "precision": 0.8888888888888888, "recall": 0.47058823529411764}}}