{"overall_f1": 0.5523809523809525, "overall_precision": 0.5304878048780488, "overall_recall": 0.5761589403973509, "event_type_f1": 0.725, "event_type_precision": 0.7435897435897436, "event_type_recall": 0.7073170731707317, "argument_f1": 0.49361702127659574, "argument_precision": 0.5576923076923077, "argument_recall": 0.44274809160305345, "event_type_metrics_per_class": {"attack": {"f1": 0.7142857142857143, "precision": 0.9090909090909091, "recall": 0.5882352941176471}, "bombing": {"f1": 0.7500000000000001, "precision": 0.7142857142857143, "recall": 0.7894736842105263}, "kidnapping": {"f1": 0.7272727272727273, "precision": 0.5714285714285714, "recall": 1.0}, "arson": {"f1": 0.0, "precision": 0.0, "recall": 0.0}, "forced work stoppage": {"f1": 0.0, "precision": 0.0, "recall": 0.0}, "robbery": {"f1": 0.0, "precision": 0.0, "recall": 0.0}}, "argument_type_metrics_per_class": {"PerpInd": {"f1": 0.3870967741935484, "precision": 0.5, "recall": 0.3157894736842105}, "PerpOrg": {"f1": 0.2, "precision": 0.3333333333333333, "recall": 0.14285714285714285}, "Target": {"f1": 0.5205479452054794, "precision": 0.5277777777777778, "recall": 0.5135135135135135}, "Victim": {"f1": 0.6875, "precision": 0.6470588235294118, "recall": 0.7333333333333333}, "Weapon": {"f1": 0.5833333333333334, "precision": 0.6666666666666666, "recall": 0.5185185185185185}, "Triggers": {"f1": 0.025, "precision": 0.02564102564102564, "recall": 0.024390243902439025}}}