{"overall_f1": 0.4552845528455284, "overall_precision": 0.5384615384615384, "overall_recall": 0.39436619718309857, "event_type_f1": 0.7272727272727272, "event_type_precision": 0.9411764705882353, "event_type_recall": 0.5925925925925926, "argument_f1": 0.3037974683544304, "argument_precision": 0.5454545454545454, "argument_recall": 0.21052631578947367, "event_type_metrics_per_class": {"attack": {"f1": 0.7567567567567568, "precision": 0.9333333333333333, "recall": 0.6363636363636364}, "bombing": {"f1": 0.6666666666666666, "precision": 1.0, "recall": 0.5}, "kidnapping": {"f1": 0.0, "precision": 0.0, "recall": 0.0}, "arson": {"f1": 0.0, "precision": 0.0, "recall": 0.0}, "forced work stoppage": {"f1": 0.0, "precision": 0.0, "recall": 0.0}, "robbery": {"f1": 0.0, "precision": 0.0, "recall": 0.0}}, "argument_type_metrics_per_class": {"PerpInd": {"f1": 0.3, "precision": 0.6, "recall": 0.2}, "PerpOrg": {"f1": 0.3809523809523809, "precision": 0.6666666666666666, "recall": 0.26666666666666666}, "Target": {"f1": 0.0, "precision": 0.0, "recall": 0.0}, "Victim": {"f1": 0.5555555555555556, "precision": 0.5555555555555556, "recall": 0.5555555555555556}, "Weapon": {"f1": 0.0, "precision": 0.0, "recall": 0.0}, "Triggers": {"f1": 0.5882352941176471, "precision": 0.8823529411764706, "recall": 0.4411764705882353}}}