{"overall_f1": 0.32167832167832167, "overall_precision": 0.46938775510204084, "overall_recall": 0.24468085106382978, "event_type_f1": 0.5454545454545455, "event_type_precision": 0.8571428571428571, "event_type_recall": 0.4, "argument_f1": 0.2222222222222222, "argument_precision": 0.44, "argument_recall": 0.14864864864864866, "event_type_metrics_per_class": {"attack": {"f1": 0.5405405405405406, "precision": 0.8333333333333334, "recall": 0.4}, "bombing": {"f1": 0.6666666666666666, "precision": 1.0, "recall": 0.5}, "kidnapping": {"f1": 0.0, "precision": 0.0, "recall": 0.0}, "arson": {"f1": 0.0, "precision": 0.0, "recall": 0.0}, "forced work stoppage": {"f1": 0.0, "precision": 0.0, "recall": 0.0}, "robbery": {"f1": 0.0, "precision": 0.0, "recall": 0.0}}, "argument_type_metrics_per_class": {"PerpInd": {"f1": 0.08000000000000002, "precision": 0.2, "recall": 0.05}, "PerpOrg": {"f1": 0.3076923076923077, "precision": 0.5714285714285714, "recall": 0.21052631578947367}, "Target": {"f1": 0.0, "precision": 0.0, "recall": 0.0}, "Victim": {"f1": 0.5454545454545454, "precision": 0.5454545454545454, "recall": 0.5454545454545454}, "Weapon": {"f1": 0.0, "precision": 0.0, "recall": 0.0}, "Triggers": {"f1": 0.423076923076923, "precision": 0.7857142857142857, "recall": 0.2894736842105263}}}