{"overall_f1": 0.14634146341463414, "overall_precision": 0.375, "overall_recall": 0.09090909090909091, "event_type_f1": 0.2702702702702703, "event_type_precision": 0.7142857142857143, "event_type_recall": 0.16666666666666666, "argument_f1": 0.09302325581395349, "argument_precision": 0.3333333333333333, "argument_recall": 0.05405405405405406, "event_type_metrics_per_class": {"attack": {"f1": 0.26666666666666666, "precision": 0.8, "recall": 0.16}, "bombing": {"f1": 0.3333333333333333, "precision": 0.5, "recall": 0.25}, "kidnapping": {"f1": 0.0, "precision": 0.0, "recall": 0.0}, "arson": {"f1": 0.0, "precision": 0.0, "recall": 0.0}, "forced work stoppage": {"f1": 0.0, "precision": 0.0, "recall": 0.0}, "robbery": {"f1": 0.0, "precision": 0.0, "recall": 0.0}}, "argument_type_metrics_per_class": {"PerpInd": {"f1": 0.0, "precision": 0.0, "recall": 0.0}, "PerpOrg": {"f1": 0.1, "precision": 1.0, "recall": 0.05263157894736842}, "Target": {"f1": 0.0, "precision": 0.0, "recall": 0.0}, "Victim": {"f1": 0.26666666666666666, "precision": 0.5, "recall": 0.18181818181818182}, "Weapon": {"f1": 0.3333333333333333, "precision": 0.3333333333333333, "recall": 0.3333333333333333}, "Triggers": {"f1": 0.07547169811320756, "precision": 0.2857142857142857, "recall": 0.043478260869565216}}}