{"overall_f1": 0.5968586387434555, "overall_precision": 0.5560975609756098, "overall_recall": 0.6440677966101694, "event_type_f1": 0.8761904761904761, "event_type_precision": 0.9019607843137255, "event_type_recall": 0.8518518518518519, "argument_f1": 0.49097472924187724, "argument_precision": 0.5964912280701754, "argument_recall": 0.4171779141104294, "event_type_metrics_per_class": {"attack": {"f1": 0.8571428571428571, "precision": 0.8918918918918919, "recall": 0.825}, "bombing": {"f1": 0.875, "precision": 0.875, "recall": 0.875}, "kidnapping": {"f1": 1.0, "precision": 1.0, "recall": 1.0}, "arson": {"f1": 1.0, "precision": 1.0, "recall": 1.0}, "forced work stoppage": {"f1": 0.0, "precision": 0.0, "recall": 0.0}, "robbery": {"f1": 0.0, "precision": 0.0, "recall": 0.0}}, "argument_type_metrics_per_class": {"PerpInd": {"f1": 0.5373134328358209, "precision": 0.72, "recall": 0.42857142857142855}, "PerpOrg": {"f1": 0.44067796610169496, "precision": 0.5652173913043478, "recall": 0.3611111111111111}, "Target": {"f1": 0.39436619718309857, "precision": 0.5185185185185185, "recall": 0.3181818181818182}, "Victim": {"f1": 0.576271186440678, "precision": 0.5862068965517241, "recall": 0.5666666666666667}, "Weapon": {"f1": 0.5714285714285713, "precision": 0.6, "recall": 0.5454545454545454}, "Triggers": {"f1": 0.8190476190476189, "precision": 0.8431372549019608, "recall": 0.7962962962962963}}}