{"overall_f1": 0.3737704918032787, "overall_precision": 0.3958333333333333, "overall_recall": 0.35403726708074534, "event_type_f1": 0.6, "event_type_precision": 0.75, "event_type_recall": 0.5, "argument_f1": 0.27906976744186046, "argument_precision": 0.5769230769230769, "argument_recall": 0.18404907975460122, "event_type_metrics_per_class": {"attack": {"f1": 0.53125, "precision": 0.7083333333333334, "recall": 0.425}, "bombing": {"f1": 0.7142857142857143, "precision": 0.8333333333333334, "recall": 0.625}, "kidnapping": {"f1": 0.9090909090909091, "precision": 0.8333333333333334, "recall": 1.0}, "arson": {"f1": 0.0, "precision": 0.0, "recall": 0.0}, "forced work stoppage": {"f1": 0.0, "precision": 0.0, "recall": 0.0}, "robbery": {"f1": 0.0, "precision": 0.0, "recall": 0.0}}, "argument_type_metrics_per_class": {"PerpInd": {"f1": 0.3018867924528302, "precision": 0.7272727272727273, "recall": 0.19047619047619047}, "PerpOrg": {"f1": 0.2608695652173913, "precision": 0.6, "recall": 0.16666666666666666}, "Target": {"f1": 0.1568627450980392, "precision": 0.5714285714285714, "recall": 0.09090909090909091}, "Victim": {"f1": 0.25, "precision": 0.3333333333333333, "recall": 0.2}, "Weapon": {"f1": 0.7058823529411764, "precision": 1.0, "recall": 0.5454545454545454}, "Triggers": {"f1": 0.5777777777777777, "precision": 0.7222222222222222, "recall": 0.48148148148148145}}}