{"overall_f1": 0.3771043771043771, "overall_precision": 0.48695652173913045, "overall_recall": 0.3076923076923077, "event_type_f1": 0.525, "event_type_precision": 0.8076923076923077, "event_type_recall": 0.3888888888888889, "argument_f1": 0.32258064516129037, "argument_precision": 0.6481481481481481, "argument_recall": 0.2147239263803681, "event_type_metrics_per_class": {"attack": {"f1": 0.48275862068965514, "precision": 0.7777777777777778, "recall": 0.35}, "bombing": {"f1": 0.6153846153846154, "precision": 0.8, "recall": 0.5}, "kidnapping": {"f1": 0.7499999999999999, "precision": 1.0, "recall": 0.6}, "arson": {"f1": 0.0, "precision": 0.0, "recall": 0.0}, "forced work stoppage": {"f1": 0.0, "precision": 0.0, "recall": 0.0}, "robbery": {"f1": 0.0, "precision": 0.0, "recall": 0.0}}, "argument_type_metrics_per_class": {"PerpInd": {"f1": 0.3018867924528302, "precision": 0.7272727272727273, "recall": 0.19047619047619047}, "PerpOrg": {"f1": 0.26666666666666666, "precision": 0.6666666666666666, "recall": 0.16666666666666666}, "Target": {"f1": 0.3508771929824561, "precision": 0.7692307692307693, "recall": 0.22727272727272727}, "Victim": {"f1": 0.3478260869565218, "precision": 0.5, "recall": 0.26666666666666666}, "Weapon": {"f1": 0.37499999999999994, "precision": 0.6, "recall": 0.2727272727272727}, "Triggers": {"f1": 0.5, "precision": 0.7692307692307693, "recall": 0.37037037037037035}}}