{"overall_f1": 0.4063492063492064, "overall_precision": 0.7272727272727273, "overall_recall": 0.28193832599118945, "event_type_f1": 0.4878048780487805, "event_type_precision": 0.8823529411764706, "event_type_recall": 0.33707865168539325, "argument_f1": 0.3541666666666667, "argument_precision": 0.53125, "argument_recall": 0.265625, "event_type_metrics_per_class": {"attack": {"f1": 0.5148514851485149, "precision": 0.9629629629629629, "recall": 0.35135135135135137}, "bombing": {"f1": 0.3636363636363636, "precision": 0.4, "recall": 0.3333333333333333}, "kidnapping": {"f1": 0.5714285714285715, "precision": 1.0, "recall": 0.4}, "arson": {"f1": 0.0, "precision": 0.0, "recall": 0.0}, "forced work stoppage": {"f1": 0.0, "precision": 0.0, "recall": 0.0}, "robbery": {"f1": 0.0, "precision": 0.0, "recall": 0.0}}, "argument_type_metrics_per_class": {"PerpInd": {"f1": 0.4363636363636364, "precision": 0.6666666666666666, "recall": 0.32432432432432434}, "PerpOrg": {"f1": 0.05405405405405406, "precision": 0.3333333333333333, "recall": 0.029411764705882353}, "Target": {"f1": 0.2, "precision": 0.25, "recall": 0.16666666666666666}, "Victim": {"f1": 0.5079365079365079, "precision": 0.6153846153846154, "recall": 0.43243243243243246}, "Weapon": {"f1": 0.5714285714285715, "precision": 0.4, "recall": 1.0}, "Triggers": {"f1": 0.0, "precision": 0.0, "recall": 0.0}}}