{"overall_f1": 0.6205733558178752, "overall_precision": 0.5592705167173252, "overall_recall": 0.696969696969697, "event_type_f1": 0.8452380952380951, "event_type_precision": 0.8068181818181818, "event_type_recall": 0.8875, "argument_f1": 0.531764705882353, "argument_precision": 0.6075268817204301, "argument_recall": 0.47280334728033474, "event_type_metrics_per_class": {"attack": {"f1": 0.8695652173913044, "precision": 0.8888888888888888, "recall": 0.851063829787234}, "bombing": {"f1": 0.819672131147541, "precision": 0.7142857142857143, "recall": 0.9615384615384616}, "kidnapping": {"f1": 0.8333333333333333, "precision": 0.7142857142857143, "recall": 1.0}, "arson": {"f1": 1.0, "precision": 1.0, "recall": 1.0}, "forced work stoppage": {"f1": 0.0, "precision": 0.0, "recall": 0.0}, "robbery": {"f1": 0.0, "precision": 0.0, "recall": 0.0}}, "argument_type_metrics_per_class": {"PerpInd": {"f1": 0.4716981132075472, "precision": 0.6410256410256411, "recall": 0.373134328358209}, "PerpOrg": {"f1": 0.5079365079365079, "precision": 0.5714285714285714, "recall": 0.45714285714285713}, "Target": {"f1": 0.48351648351648346, "precision": 0.5641025641025641, "recall": 0.4230769230769231}, "Victim": {"f1": 0.6194690265486725, "precision": 0.5932203389830508, "recall": 0.6481481481481481}, "Weapon": {"f1": 0.5769230769230769, "precision": 0.7142857142857143, "recall": 0.4838709677419355}, "Triggers": {"f1": 0.8333333333333334, "precision": 0.7954545454545454, "recall": 0.875}}}