{"overall_f1": 0.6205733558178752, "overall_precision": 0.5592705167173252, "overall_recall": 0.696969696969697, "event_type_f1": 0.8452380952380951, "event_type_precision": 0.8068181818181818, "event_type_recall": 0.8875, "argument_f1": 0.531764705882353, "argument_precision": 0.6075268817204301, "argument_recall": 0.47280334728033474, "event_type_metrics_per_class": {"attack": {"f1": 0.8695652173913044, "precision": 0.8888888888888888, "recall": 0.851063829787234}, "bombing": {"f1": 0.819672131147541, "precision": 0.7142857142857143, "recall": 0.9615384615384616}, "kidnapping": {"f1": 0.8333333333333333, "precision": 0.7142857142857143, "recall": 1.0}, "arson": {"f1": 1.0, "precision": 1.0, "recall": 1.0}, "forced work stoppage": {"f1": 0.0, "precision": 0.0, "recall": 0.0}, "robbery": {"f1": 0.0, "precision": 0.0, "recall": 0.0}}, "argument_type_metrics_per_class": {"PerpInd": {"f1": 0.490566037735849, "precision": 0.6666666666666666, "recall": 0.3880597014925373}, "PerpOrg": {"f1": 0.47619047619047616, "precision": 0.5357142857142857, "recall": 0.42857142857142855}, "Target": {"f1": 0.46153846153846156, "precision": 0.5384615384615384, "recall": 0.40384615384615385}, "Victim": {"f1": 0.6194690265486725, "precision": 0.5932203389830508, "recall": 0.6481481481481481}, "Weapon": {"f1": 0.6153846153846153, "precision": 0.7619047619047619, "recall": 0.5161290322580645}, "Triggers": {"f1": 0.8333333333333334, "precision": 0.7954545454545454, "recall": 0.875}}}