{"overall_f1": 0.5130718954248367, "overall_precision": 0.4220430107526882, "overall_recall": 0.6541666666666667, "event_type_f1": 0.6951871657754011, "event_type_precision": 0.6074766355140186, "event_type_recall": 0.8125, "argument_f1": 0.4329411764705883, "argument_precision": 0.4946236559139785, "argument_recall": 0.38493723849372385, "event_type_metrics_per_class": {"attack": {"f1": 0.6666666666666667, "precision": 0.5571428571428572, "recall": 0.8297872340425532}, "bombing": {"f1": 0.7924528301886792, "precision": 0.7777777777777778, "recall": 0.8076923076923077}, "kidnapping": {"f1": 0.7142857142857143, "precision": 0.5555555555555556, "recall": 1.0}, "arson": {"f1": 0.0, "precision": 0.0, "recall": 0.0}, "forced work stoppage": {"f1": 0.0, "precision": 0.0, "recall": 0.0}, "robbery": {"f1": 0.0, "precision": 0.0, "recall": 0.0}}, "argument_type_metrics_per_class": {"PerpInd": {"f1": 0.4137931034482758, "precision": 0.4897959183673469, "recall": 0.3582089552238806}, "PerpOrg": {"f1": 0.34920634920634924, "precision": 0.39285714285714285, "recall": 0.3142857142857143}, "Target": {"f1": 0.42222222222222217, "precision": 0.5, "recall": 0.36538461538461536}, "Victim": {"f1": 0.42718446601941745, "precision": 0.4489795918367347, "recall": 0.4074074074074074}, "Weapon": {"f1": 0.6037735849056604, "precision": 0.7272727272727273, "recall": 0.5161290322580645}, "Triggers": {"f1": 0.6844919786096256, "precision": 0.5981308411214953, "recall": 0.8}}}