{"overall_f1": 0.4589041095890411, "overall_precision": 0.3861671469740634, "overall_recall": 0.5654008438818565, "event_type_f1": 0.6315789473684211, "event_type_precision": 0.5934065934065934, "event_type_recall": 0.675, "argument_f1": 0.387409200968523, "argument_precision": 0.45977011494252873, "argument_recall": 0.33472803347280333, "event_type_metrics_per_class": {"attack": {"f1": 0.6382978723404256, "precision": 0.6382978723404256, "recall": 0.6382978723404256}, "bombing": {"f1": 0.5999999999999999, "precision": 0.5294117647058824, "recall": 0.6923076923076923}, "kidnapping": {"f1": 0.7142857142857143, "precision": 0.5555555555555556, "recall": 1.0}, "arson": {"f1": 1.0, "precision": 1.0, "recall": 1.0}, "forced work stoppage": {"f1": 0.0, "precision": 0.0, "recall": 0.0}, "robbery": {"f1": 0.0, "precision": 0.0, "recall": 0.0}}, "argument_type_metrics_per_class": {"PerpInd": {"f1": 0.3636363636363636, "precision": 0.5625, "recall": 0.26865671641791045}, "PerpOrg": {"f1": 0.46153846153846156, "precision": 0.7058823529411765, "recall": 0.34285714285714286}, "Target": {"f1": 0.3414634146341463, "precision": 0.4666666666666667, "recall": 0.2692307692307692}, "Victim": {"f1": 0.4166666666666667, "precision": 0.3787878787878788, "recall": 0.46296296296296297}, "Weapon": {"f1": 0.36666666666666664, "precision": 0.3793103448275862, "recall": 0.3548387096774194}, "Triggers": {"f1": 0.6081871345029239, "precision": 0.5714285714285714, "recall": 0.65}}}