{"overall_f1": 0.4846153846153846, "overall_precision": 0.4921875, "overall_recall": 0.4772727272727273, "event_type_f1": 0.7118644067796611, "event_type_precision": 0.9130434782608695, "event_type_recall": 0.5833333333333334, "argument_f1": 0.41791044776119407, "argument_precision": 0.7241379310344828, "argument_recall": 0.2937062937062937, "event_type_metrics_per_class": {"attack": {"f1": 0.7777777777777778, "precision": 1.0, "recall": 0.6363636363636364}, "bombing": {"f1": 0.631578947368421, "precision": 0.8571428571428571, "recall": 0.5}, "kidnapping": {"f1": 0.0, "precision": 0.0, "recall": 0.0}, "arson": {"f1": 0.6666666666666666, "precision": 0.5, "recall": 1.0}, "forced work stoppage": {"f1": 0.0, "precision": 0.0, "recall": 0.0}, "robbery": {"f1": 0.0, "precision": 0.0, "recall": 0.0}}, "argument_type_metrics_per_class": {"PerpInd": {"f1": 0.339622641509434, "precision": 0.6923076923076923, "recall": 0.225}, "PerpOrg": {"f1": 0.1875, "precision": 0.75, "recall": 0.10714285714285714}, "Target": {"f1": 0.4444444444444445, "precision": 0.631578947368421, "recall": 0.34285714285714286}, "Victim": {"f1": 0.8205128205128205, "precision": 1.0, "recall": 0.6956521739130435}, "Weapon": {"f1": 0.1739130434782609, "precision": 0.3333333333333333, "recall": 0.11764705882352941}, "Triggers": {"f1": 0.03389830508474576, "precision": 0.043478260869565216, "recall": 0.027777777777777776}}}