{"overall_f1": 0.4785276073619632, "overall_precision": 0.5652173913043478, "overall_recall": 0.4148936170212766, "event_type_f1": 0.7391304347826088, "event_type_precision": 0.9444444444444444, "event_type_recall": 0.6071428571428571, "argument_f1": 0.3760683760683761, "argument_precision": 0.5945945945945946, "argument_recall": 0.275, "event_type_metrics_per_class": {"attack": {"f1": 0.5454545454545454, "precision": 1.0, "recall": 0.375}, "bombing": {"f1": 1.0, "precision": 1.0, "recall": 1.0}, "kidnapping": {"f1": 0.8, "precision": 0.6666666666666666, "recall": 1.0}, "arson": {"f1": 0.0, "precision": 0.0, "recall": 0.0}, "forced work stoppage": {"f1": 0.0, "precision": 0.0, "recall": 0.0}, "robbery": {"f1": 0.0, "precision": 0.0, "recall": 0.0}}, "argument_type_metrics_per_class": {"PerpInd": {"f1": 0.41379310344827586, "precision": 0.5, "recall": 0.35294117647058826}, "PerpOrg": {"f1": 0.4137931034482759, "precision": 0.75, "recall": 0.2857142857142857}, "Target": {"f1": 0.17142857142857143, "precision": 0.375, "recall": 0.1111111111111111}, "Victim": {"f1": 0.6153846153846154, "precision": 0.8, "recall": 0.5}, "Weapon": {"f1": 0.5454545454545454, "precision": 0.75, "recall": 0.42857142857142855}, "Triggers": {"f1": 0.25, "precision": 0.25, "recall": 0.25}}}