{"overall_f1": 0.5341614906832298, "overall_precision": 0.48863636363636365, "overall_recall": 0.589041095890411, "event_type_f1": 0.8571428571428571, "event_type_precision": 1.0, "event_type_recall": 0.75, "argument_f1": 0.3928571428571429, "argument_precision": 0.6875, "argument_recall": 0.275, "event_type_metrics_per_class": {"attack": {"f1": 0.8148148148148148, "precision": 1.0, "recall": 0.6875}, "bombing": {"f1": 1.0, "precision": 1.0, "recall": 1.0}, "kidnapping": {"f1": 0.6666666666666666, "precision": 1.0, "recall": 0.5}, "arson": {"f1": 0.0, "precision": 0.0, "recall": 0.0}, "forced work stoppage": {"f1": 0.0, "precision": 0.0, "recall": 0.0}, "robbery": {"f1": 0.0, "precision": 0.0, "recall": 0.0}}, "argument_type_metrics_per_class": {"PerpInd": {"f1": 0.4827586206896552, "precision": 0.5833333333333334, "recall": 0.4117647058823529}, "PerpOrg": {"f1": 0.42857142857142855, "precision": 0.8571428571428571, "recall": 0.2857142857142857}, "Target": {"f1": 0.13793103448275862, "precision": 1.0, "recall": 0.07407407407407407}, "Victim": {"f1": 0.5714285714285715, "precision": 0.6666666666666666, "recall": 0.5}, "Weapon": {"f1": 0.5, "precision": 0.6, "recall": 0.42857142857142855}, "Triggers": {"f1": 0.25, "precision": 0.25, "recall": 0.25}}}