{"overall_f1": 0.13559322033898305, "overall_precision": 0.6666666666666666, "overall_recall": 0.07547169811320754, "event_type_f1": 0.19354838709677416, "event_type_precision": 1.0, "event_type_recall": 0.10714285714285714, "argument_f1": 0.11494252873563218, "argument_precision": 0.7142857142857143, "argument_recall": 0.0625, "event_type_metrics_per_class": {"attack": {"f1": 0.11764705882352941, "precision": 1.0, "recall": 0.0625}, "bombing": {"f1": 0.19999999999999998, "precision": 1.0, "recall": 0.1111111111111111}, "kidnapping": {"f1": 0.6666666666666666, "precision": 1.0, "recall": 0.5}, "arson": {"f1": 0.0, "precision": 0.0, "recall": 0.0}, "forced work stoppage": {"f1": 0.0, "precision": 0.0, "recall": 0.0}, "robbery": {"f1": 0.0, "precision": 0.0, "recall": 0.0}}, "argument_type_metrics_per_class": {"PerpInd": {"f1": 0.2857142857142857, "precision": 0.75, "recall": 0.17647058823529413}, "PerpOrg": {"f1": 0.0, "precision": 0.0, "recall": 0.0}, "Target": {"f1": 0.07142857142857142, "precision": 1.0, "recall": 0.037037037037037035}, "Victim": {"f1": 0.2222222222222222, "precision": 1.0, "recall": 0.125}, "Weapon": {"f1": 0.0, "precision": 0.0, "recall": 0.0}, "Triggers": {"f1": 0.0, "precision": 0.0, "recall": 0.0}}}