{"overall_f1": 0.11864406779661017, "overall_precision": 0.4666666666666667, "overall_recall": 0.06796116504854369, "event_type_f1": 0.1875, "event_type_precision": 0.75, "event_type_recall": 0.10714285714285714, "argument_f1": 0.09302325581395349, "argument_precision": 0.6666666666666666, "argument_recall": 0.05, "event_type_metrics_per_class": {"attack": {"f1": 0.0, "precision": 0.0, "recall": 0.0}, "bombing": {"f1": 0.46153846153846156, "precision": 0.75, "recall": 0.3333333333333333}, "kidnapping": {"f1": 0.0, "precision": 0.0, "recall": 0.0}, "arson": {"f1": 0.0, "precision": 0.0, "recall": 0.0}, "forced work stoppage": {"f1": 0.0, "precision": 0.0, "recall": 0.0}, "robbery": {"f1": 0.0, "precision": 0.0, "recall": 0.0}}, "argument_type_metrics_per_class": {"PerpInd": {"f1": 0.10526315789473684, "precision": 0.5, "recall": 0.058823529411764705}, "PerpOrg": {"f1": 0.0, "precision": 0.0, "recall": 0.0}, "Target": {"f1": 0.19999999999999998, "precision": 1.0, "recall": 0.1111111111111111}, "Victim": {"f1": 0.0, "precision": 0.0, "recall": 0.0}, "Weapon": {"f1": 0.0, "precision": 0.0, "recall": 0.0}, "Triggers": {"f1": 0.4, "precision": 1.0, "recall": 0.25}}}