{"overall_f1": 0.6779661016949152, "overall_precision": 0.7407407407407407, "overall_recall": 0.625, "event_type_f1": 0.8349514563106796, "event_type_precision": 0.9148936170212766, "event_type_recall": 0.7678571428571429, "argument_f1": 0.59375, "argument_precision": 0.6333333333333333, "argument_recall": 0.5588235294117647, "event_type_metrics_per_class": {"attack": {"f1": 0.88, "precision": 0.9428571428571428, "recall": 0.825}, "bombing": {"f1": 0.8181818181818182, "precision": 0.9, "recall": 0.75}, "kidnapping": {"f1": 0.5, "precision": 0.5, "recall": 0.5}, "arson": {"f1": 0.0, "precision": 0.0, "recall": 0.0}, "forced work stoppage": {"f1": 0.0, "precision": 0.0, "recall": 0.0}, "robbery": {"f1": 0.0, "precision": 0.0, "recall": 0.0}}, "argument_type_metrics_per_class": {"PerpInd": {"f1": 0.6538461538461539, "precision": 0.7083333333333334, "recall": 0.6071428571428571}, "PerpOrg": {"f1": 0.4864864864864864, "precision": 0.42857142857142855, "recall": 0.5625}, "Target": {"f1": 0.5185185185185186, "precision": 0.5833333333333334, "recall": 0.4666666666666667}, "Victim": {"f1": 0.6440677966101696, "precision": 0.7307692307692307, "recall": 0.5757575757575758}, "Weapon": {"f1": 0.588235294117647, "precision": 0.7142857142857143, "recall": 0.5}, "Triggers": {"f1": 0.7572815533980581, "precision": 0.8297872340425532, "recall": 0.6964285714285714}}}