{"overall_f1": 0.5280000000000001, "overall_precision": 0.6407766990291263, "overall_recall": 0.4489795918367347, "event_type_f1": 0.6966292134831461, "event_type_precision": 0.9393939393939394, "event_type_recall": 0.5535714285714286, "argument_f1": 0.43478260869565216, "argument_precision": 0.5932203389830508, "argument_recall": 0.3431372549019608, "event_type_metrics_per_class": {"attack": {"f1": 0.6333333333333334, "precision": 0.95, "recall": 0.475}, "bombing": {"f1": 0.9090909090909091, "precision": 1.0, "recall": 0.8333333333333334}, "kidnapping": {"f1": 0.8, "precision": 0.6666666666666666, "recall": 1.0}, "arson": {"f1": 0.0, "precision": 0.0, "recall": 0.0}, "forced work stoppage": {"f1": 0.0, "precision": 0.0, "recall": 0.0}, "robbery": {"f1": 0.0, "precision": 0.0, "recall": 0.0}}, "argument_type_metrics_per_class": {"PerpInd": {"f1": 0.35555555555555557, "precision": 0.47058823529411764, "recall": 0.2857142857142857}, "PerpOrg": {"f1": 0.3703703703703703, "precision": 0.45454545454545453, "recall": 0.3125}, "Target": {"f1": 0.5714285714285715, "precision": 1.0, "recall": 0.4}, "Victim": {"f1": 0.3921568627450981, "precision": 0.5555555555555556, "recall": 0.30303030303030304}, "Weapon": {"f1": 0.7058823529411764, "precision": 0.8571428571428571, "recall": 0.6}, "Triggers": {"f1": 0.6292134831460674, "precision": 0.8484848484848485, "recall": 0.5}}}