{"overall_f1": 0.4655172413793104, "overall_precision": 0.6206896551724138, "overall_recall": 0.3724137931034483, "event_type_f1": 0.5609756097560976, "event_type_precision": 0.8846153846153846, "event_type_recall": 0.4107142857142857, "argument_f1": 0.41333333333333333, "argument_precision": 0.6458333333333334, "argument_recall": 0.30392156862745096, "event_type_metrics_per_class": {"attack": {"f1": 0.5090909090909091, "precision": 0.9333333333333333, "recall": 0.35}, "bombing": {"f1": 0.761904761904762, "precision": 0.8888888888888888, "recall": 0.6666666666666666}, "kidnapping": {"f1": 0.5, "precision": 0.5, "recall": 0.5}, "arson": {"f1": 0.0, "precision": 0.0, "recall": 0.0}, "forced work stoppage": {"f1": 0.0, "precision": 0.0, "recall": 0.0}, "robbery": {"f1": 0.0, "precision": 0.0, "recall": 0.0}}, "argument_type_metrics_per_class": {"PerpInd": {"f1": 0.4102564102564102, "precision": 0.7272727272727273, "recall": 0.2857142857142857}, "PerpOrg": {"f1": 0.2, "precision": 0.5, "recall": 0.125}, "Target": {"f1": 0.43478260869565216, "precision": 0.625, "recall": 0.3333333333333333}, "Victim": {"f1": 0.4150943396226416, "precision": 0.55, "recall": 0.3333333333333333}, "Weapon": {"f1": 0.6666666666666666, "precision": 1.0, "recall": 0.5}, "Triggers": {"f1": 0.5853658536585366, "precision": 0.9230769230769231, "recall": 0.42857142857142855}}}