{"overall_f1": 0.6346666666666667, "overall_precision": 0.7300613496932515, "overall_recall": 0.5613207547169812, "event_type_f1": 0.8026315789473685, "event_type_precision": 0.9682539682539683, "event_type_recall": 0.6853932584269663, "argument_f1": 0.5201793721973094, "argument_precision": 0.6105263157894737, "argument_recall": 0.453125, "event_type_metrics_per_class": {"attack": {"f1": 0.8160000000000001, "precision": 1.0, "recall": 0.6891891891891891}, "bombing": {"f1": 0.7692307692307692, "precision": 0.7142857142857143, "recall": 0.8333333333333334}, "kidnapping": {"f1": 1.0, "precision": 1.0, "recall": 1.0}, "arson": {"f1": 0.0, "precision": 0.0, "recall": 0.0}, "forced work stoppage": {"f1": 0.0, "precision": 0.0, "recall": 0.0}, "robbery": {"f1": 0.0, "precision": 0.0, "recall": 0.0}}, "argument_type_metrics_per_class": {"PerpInd": {"f1": 0.5245901639344263, "precision": 0.6666666666666666, "recall": 0.43243243243243246}, "PerpOrg": {"f1": 0.49056603773584906, "precision": 0.6842105263157895, "recall": 0.38235294117647056}, "Target": {"f1": 0.2222222222222222, "precision": 0.3333333333333333, "recall": 0.16666666666666666}, "Victim": {"f1": 0.6493506493506493, "precision": 0.625, "recall": 0.6756756756756757}, "Weapon": {"f1": 0.4, "precision": 0.3333333333333333, "recall": 0.5}, "Triggers": {"f1": 0.4516129032258065, "precision": 0.5833333333333334, "recall": 0.3684210526315789}}}