{"overall_f1": 0.6170752324598479, "overall_precision": 0.5821371610845295, "overall_recall": 0.6564748201438849, "event_type_f1": 0.9182389937106918, "event_type_precision": 0.9864864864864865, "event_type_recall": 0.8588235294117647, "argument_f1": 0.5063583815028901, "argument_precision": 0.6537313432835821, "argument_recall": 0.41320754716981134, "event_type_metrics_per_class": {"attack": {"f1": 0.914572864321608, "precision": 0.9891304347826086, "recall": 0.8504672897196262}, "bombing": {"f1": 0.9534883720930233, "precision": 1.0, "recall": 0.9111111111111111}, "kidnapping": {"f1": 0.9565217391304348, "precision": 0.9166666666666666, "recall": 1.0}, "arson": {"f1": 1.0, "precision": 1.0, "recall": 1.0}, "forced work stoppage": {"f1": 0.0, "precision": 0.0, "recall": 0.0}, "robbery": {"f1": 0.0, "precision": 0.0, "recall": 0.0}}, "argument_type_metrics_per_class": {"PerpInd": {"f1": 0.4553571428571429, "precision": 0.6891891891891891, "recall": 0.34}, "PerpOrg": {"f1": 0.5212121212121212, "precision": 0.6935483870967742, "recall": 0.4174757281553398}, "Target": {"f1": 0.44334975369458124, "precision": 0.5921052631578947, "recall": 0.3543307086614173}, "Victim": {"f1": 0.625, "precision": 0.6470588235294118, "recall": 0.6043956043956044}, "Weapon": {"f1": 0.5154639175257731, "precision": 0.6578947368421053, "recall": 0.423728813559322}, "Triggers": {"f1": 0.8867924528301888, "precision": 0.9527027027027027, "recall": 0.8294117647058824}}}