{"overall_f1": 0.6165540540540541, "overall_precision": 0.5821371610845295, "overall_recall": 0.6552962298025135, "event_type_f1": 0.9182389937106918, "event_type_precision": 0.9864864864864865, "event_type_recall": 0.8588235294117647, "argument_f1": 0.5057736720554273, "argument_precision": 0.6517857142857143, "argument_recall": 0.41320754716981134, "event_type_metrics_per_class": {"attack": {"f1": 0.914572864321608, "precision": 0.9891304347826086, "recall": 0.8504672897196262}, "bombing": {"f1": 0.9534883720930233, "precision": 1.0, "recall": 0.9111111111111111}, "kidnapping": {"f1": 0.9565217391304348, "precision": 0.9166666666666666, "recall": 1.0}, "arson": {"f1": 1.0, "precision": 1.0, "recall": 1.0}, "forced work stoppage": {"f1": 0.0, "precision": 0.0, "recall": 0.0}, "robbery": {"f1": 0.0, "precision": 0.0, "recall": 0.0}}, "argument_type_metrics_per_class": {"PerpInd": {"f1": 0.46222222222222226, "precision": 0.6933333333333334, "recall": 0.3466666666666667}, "PerpOrg": {"f1": 0.5090909090909091, "precision": 0.6774193548387096, "recall": 0.4077669902912621}, "Target": {"f1": 0.4356435643564356, "precision": 0.5866666666666667, "recall": 0.3464566929133858}, "Victim": {"f1": 0.625, "precision": 0.6470588235294118, "recall": 0.6043956043956044}, "Weapon": {"f1": 0.5306122448979591, "precision": 0.6666666666666666, "recall": 0.4406779661016949}, "Triggers": {"f1": 0.8867924528301888, "precision": 0.9527027027027027, "recall": 0.8294117647058824}}}