{"overall_f1": 0.48846153846153845, "overall_precision": 0.4810606060606061, "overall_recall": 0.49609375, "event_type_f1": 0.7766323024054982, "event_type_precision": 0.9338842975206612, "event_type_recall": 0.6647058823529411, "argument_f1": 0.376502002670227, "argument_precision": 0.6438356164383562, "argument_recall": 0.2660377358490566, "event_type_metrics_per_class": {"attack": {"f1": 0.7444444444444444, "precision": 0.9178082191780822, "recall": 0.6261682242990654}, "bombing": {"f1": 0.8536585365853658, "precision": 0.9459459459459459, "recall": 0.7777777777777778}, "kidnapping": {"f1": 0.9523809523809523, "precision": 1.0, "recall": 0.9090909090909091}, "arson": {"f1": 0.5, "precision": 1.0, "recall": 0.3333333333333333}, "forced work stoppage": {"f1": 0.0, "precision": 0.0, "recall": 0.0}, "robbery": {"f1": 0.0, "precision": 0.0, "recall": 0.0}}, "argument_type_metrics_per_class": {"PerpInd": {"f1": 0.34782608695652173, "precision": 0.631578947368421, "recall": 0.24}, "PerpOrg": {"f1": 0.3453237410071942, "precision": 0.6666666666666666, "recall": 0.23300970873786409}, "Target": {"f1": 0.31578947368421056, "precision": 0.6136363636363636, "recall": 0.2125984251968504}, "Victim": {"f1": 0.4520547945205479, "precision": 0.6, "recall": 0.3626373626373626}, "Weapon": {"f1": 0.4883720930232558, "precision": 0.7777777777777778, "recall": 0.3559322033898305}, "Triggers": {"f1": 0.7560137457044673, "precision": 0.9090909090909091, "recall": 0.6470588235294118}}}