{"overall_f1": 0.48893166506256014, "overall_precision": 0.4810606060606061, "overall_recall": 0.49706457925636005, "event_type_f1": 0.7697594501718213, "event_type_precision": 0.9256198347107438, "event_type_recall": 0.6588235294117647, "argument_f1": 0.3796791443850267, "argument_precision": 0.6513761467889908, "argument_recall": 0.2679245283018868, "event_type_metrics_per_class": {"attack": {"f1": 0.7403314917127072, "precision": 0.9054054054054054, "recall": 0.6261682242990654}, "bombing": {"f1": 0.8536585365853658, "precision": 0.9459459459459459, "recall": 0.7777777777777778}, "kidnapping": {"f1": 0.9523809523809523, "precision": 1.0, "recall": 0.9090909090909091}, "arson": {"f1": 0.0, "precision": 0.0, "recall": 0.0}, "forced work stoppage": {"f1": 0.0, "precision": 0.0, "recall": 0.0}, "robbery": {"f1": 0.0, "precision": 0.0, "recall": 0.0}}, "argument_type_metrics_per_class": {"PerpInd": {"f1": 0.3557692307692307, "precision": 0.6379310344827587, "recall": 0.24666666666666667}, "PerpOrg": {"f1": 0.3453237410071942, "precision": 0.6666666666666666, "recall": 0.23300970873786409}, "Target": {"f1": 0.31578947368421056, "precision": 0.6136363636363636, "recall": 0.2125984251968504}, "Victim": {"f1": 0.45833333333333337, "precision": 0.6226415094339622, "recall": 0.3626373626373626}, "Weapon": {"f1": 0.4883720930232558, "precision": 0.7777777777777778, "recall": 0.3559322033898305}, "Triggers": {"f1": 0.7422680412371134, "precision": 0.8925619834710744, "recall": 0.6352941176470588}}}