{"overall_f1": 0.4691607684529828, "overall_precision": 0.5370370370370371, "overall_recall": 0.41651705565529623, "event_type_f1": 0.6867924528301887, "event_type_precision": 0.9578947368421052, "event_type_recall": 0.5352941176470588, "argument_f1": 0.38950276243093923, "argument_precision": 0.7268041237113402, "argument_recall": 0.2660377358490566, "event_type_metrics_per_class": {"attack": {"f1": 0.628930817610063, "precision": 0.9615384615384616, "recall": 0.4672897196261682}, "bombing": {"f1": 0.7894736842105263, "precision": 0.967741935483871, "recall": 0.6666666666666666}, "kidnapping": {"f1": 0.8571428571428572, "precision": 0.9, "recall": 0.8181818181818182}, "arson": {"f1": 0.8, "precision": 1.0, "recall": 0.6666666666666666}, "forced work stoppage": {"f1": 0.0, "precision": 0.0, "recall": 0.0}, "robbery": {"f1": 0.0, "precision": 0.0, "recall": 0.0}}, "argument_type_metrics_per_class": {"PerpInd": {"f1": 0.3118279569892473, "precision": 0.8055555555555556, "recall": 0.19333333333333333}, "PerpOrg": {"f1": 0.256, "precision": 0.7272727272727273, "recall": 0.1553398058252427}, "Target": {"f1": 0.3687150837988827, "precision": 0.6346153846153846, "recall": 0.25984251968503935}, "Victim": {"f1": 0.5503355704697986, "precision": 0.7068965517241379, "recall": 0.45054945054945056}, "Weapon": {"f1": 0.5176470588235295, "precision": 0.8461538461538461, "recall": 0.3728813559322034}, "Triggers": {"f1": 0.6716981132075471, "precision": 0.9368421052631579, "recall": 0.5235294117647059}}}