{"overall_f1": 0.4691607684529828, "overall_precision": 0.5370370370370371, "overall_recall": 0.41651705565529623, "event_type_f1": 0.6867924528301887, "event_type_precision": 0.9578947368421052, "event_type_recall": 0.5352941176470588, "argument_f1": 0.38950276243093923, "argument_precision": 0.7268041237113402, "argument_recall": 0.2660377358490566, "event_type_metrics_per_class": {"attack": {"f1": 0.628930817610063, "precision": 0.9615384615384616, "recall": 0.4672897196261682}, "bombing": {"f1": 0.7894736842105263, "precision": 0.967741935483871, "recall": 0.6666666666666666}, "kidnapping": {"f1": 0.8571428571428572, "precision": 0.9, "recall": 0.8181818181818182}, "arson": {"f1": 0.8, "precision": 1.0, "recall": 0.6666666666666666}, "forced work stoppage": {"f1": 0.0, "precision": 0.0, "recall": 0.0}, "robbery": {"f1": 0.0, "precision": 0.0, "recall": 0.0}}, "argument_type_metrics_per_class": {"PerpInd": {"f1": 0.3118279569892473, "precision": 0.8055555555555556, "recall": 0.19333333333333333}, "PerpOrg": {"f1": 0.2677165354330709, "precision": 0.7083333333333334, "recall": 0.1650485436893204}, "Target": {"f1": 0.3910614525139665, "precision": 0.6730769230769231, "recall": 0.2755905511811024}, "Victim": {"f1": 0.5466666666666666, "precision": 0.6949152542372882, "recall": 0.45054945054945056}, "Weapon": {"f1": 0.4634146341463415, "precision": 0.8260869565217391, "recall": 0.3220338983050847}, "Triggers": {"f1": 0.6716981132075471, "precision": 0.9368421052631579, "recall": 0.5235294117647059}}}