{"overall_f1": 0.6144200626959248, "overall_precision": 0.5568181818181818, "overall_recall": 0.6853146853146853, "event_type_f1": 0.8837209302325582, "event_type_precision": 0.8444444444444444, "event_type_recall": 0.926829268292683, "argument_f1": 0.5150214592274678, "argument_precision": 0.5882352941176471, "argument_recall": 0.4580152671755725, "event_type_metrics_per_class": {"attack": {"f1": 0.9696969696969697, "precision": 1.0, "recall": 0.9411764705882353}, "bombing": {"f1": 0.8095238095238095, "precision": 0.7391304347826086, "recall": 0.8947368421052632}, "kidnapping": {"f1": 0.888888888888889, "precision": 0.8, "recall": 1.0}, "arson": {"f1": 1.0, "precision": 1.0, "recall": 1.0}, "forced work stoppage": {"f1": 0.0, "precision": 0.0, "recall": 0.0}, "robbery": {"f1": 0.0, "precision": 0.0, "recall": 0.0}}, "argument_type_metrics_per_class": {"PerpInd": {"f1": 0.48387096774193544, "precision": 0.625, "recall": 0.39473684210526316}, "PerpOrg": {"f1": 0.5, "precision": 0.6, "recall": 0.42857142857142855}, "Target": {"f1": 0.4307692307692308, "precision": 0.5, "recall": 0.3783783783783784}, "Victim": {"f1": 0.6666666666666666, "precision": 0.5714285714285714, "recall": 0.8}, "Weapon": {"f1": 0.5652173913043478, "precision": 0.6842105263157895, "recall": 0.48148148148148145}, "Triggers": {"f1": 0.7674418604651163, "precision": 0.7333333333333333, "recall": 0.8048780487804879}}}