{"overall_f1": 0.5, "overall_precision": 0.4539877300613497, "overall_recall": 0.556390977443609, "event_type_f1": 0.674698795180723, "event_type_precision": 0.6666666666666666, "event_type_recall": 0.6829268292682927, "argument_f1": 0.431924882629108, "argument_precision": 0.5609756097560976, "argument_recall": 0.3511450381679389, "event_type_metrics_per_class": {"attack": {"f1": 0.5405405405405405, "precision": 0.5, "recall": 0.5882352941176471}, "bombing": {"f1": 0.8235294117647058, "precision": 0.9333333333333333, "recall": 0.7368421052631579}, "kidnapping": {"f1": 0.7272727272727273, "precision": 0.5714285714285714, "recall": 1.0}, "arson": {"f1": 0.0, "precision": 0.0, "recall": 0.0}, "forced work stoppage": {"f1": 0.0, "precision": 0.0, "recall": 0.0}, "robbery": {"f1": 0.0, "precision": 0.0, "recall": 0.0}}, "argument_type_metrics_per_class": {"PerpInd": {"f1": 0.43333333333333335, "precision": 0.5909090909090909, "recall": 0.34210526315789475}, "PerpOrg": {"f1": 0.34782608695652173, "precision": 0.4444444444444444, "recall": 0.2857142857142857}, "Target": {"f1": 0.39344262295081966, "precision": 0.5, "recall": 0.32432432432432434}, "Victim": {"f1": 0.6, "precision": 0.6, "recall": 0.6}, "Weapon": {"f1": 0.41025641025641024, "precision": 0.6666666666666666, "recall": 0.2962962962962963}, "Triggers": {"f1": 0.6265060240963854, "precision": 0.6190476190476191, "recall": 0.6341463414634146}}}