{"overall_f1": 0.451827242524917, "overall_precision": 0.422360248447205, "overall_recall": 0.4857142857142857, "event_type_f1": 0.625, "event_type_precision": 0.6410256410256411, "event_type_recall": 0.6097560975609756, "argument_f1": 0.3891402714932127, "argument_precision": 0.4777777777777778, "argument_recall": 0.3282442748091603, "event_type_metrics_per_class": {"attack": {"f1": 0.56, "precision": 0.875, "recall": 0.4117647058823529}, "bombing": {"f1": 0.6341463414634148, "precision": 0.5909090909090909, "recall": 0.6842105263157895}, "kidnapping": {"f1": 0.6666666666666666, "precision": 0.5, "recall": 1.0}, "arson": {"f1": 1.0, "precision": 1.0, "recall": 1.0}, "forced work stoppage": {"f1": 0.0, "precision": 0.0, "recall": 0.0}, "robbery": {"f1": 0.0, "precision": 0.0, "recall": 0.0}}, "argument_type_metrics_per_class": {"PerpInd": {"f1": 0.3448275862068966, "precision": 0.5, "recall": 0.2631578947368421}, "PerpOrg": {"f1": 0.3, "precision": 0.5, "recall": 0.21428571428571427}, "Target": {"f1": 0.4307692307692308, "precision": 0.5, "recall": 0.3783783783783784}, "Victim": {"f1": 0.4571428571428572, "precision": 0.4, "recall": 0.5333333333333333}, "Weapon": {"f1": 0.37209302325581395, "precision": 0.5, "recall": 0.2962962962962963}, "Triggers": {"f1": 0.625, "precision": 0.6410256410256411, "recall": 0.6097560975609756}}}