{"overall_f1": 0.6390532544378699, "overall_precision": 0.6585365853658537, "overall_recall": 0.6206896551724138, "event_type_f1": 0.8163265306122449, "event_type_precision": 0.8695652173913043, "event_type_recall": 0.7692307692307693, "argument_f1": 0.5666666666666667, "argument_precision": 0.6296296296296297, "argument_recall": 0.5151515151515151, "event_type_metrics_per_class": {"attack": {"f1": 0.888888888888889, "precision": 0.9230769230769231, "recall": 0.8571428571428571}, "bombing": {"f1": 0.9411764705882353, "precision": 0.8888888888888888, "recall": 1.0}, "kidnapping": {"f1": 0.0, "precision": 0.0, "recall": 0.0}, "arson": {"f1": 0.0, "precision": 0.0, "recall": 0.0}, "forced work stoppage": {"f1": 0.0, "precision": 0.0, "recall": 0.0}, "robbery": {"f1": 0.0, "precision": 0.0, "recall": 0.0}}, "argument_type_metrics_per_class": {"PerpInd": {"f1": 0.6976744186046512, "precision": 0.6818181818181818, "recall": 0.7142857142857143}, "PerpOrg": {"f1": 0.5000000000000001, "precision": 0.8, "recall": 0.36363636363636365}, "Target": {"f1": 0.45454545454545453, "precision": 0.5, "recall": 0.4166666666666667}, "Victim": {"f1": 0.5, "precision": 0.42857142857142855, "recall": 0.6}, "Weapon": {"f1": 0.5454545454545454, "precision": 0.6, "recall": 0.5}, "Triggers": {"f1": 0.6122448979591837, "precision": 0.6521739130434783, "recall": 0.5769230769230769}}}