{"overall_f1": 0.4193548387096774, "overall_precision": 0.45614035087719296, "overall_recall": 0.3880597014925373, "event_type_f1": 0.55, "event_type_precision": 0.7857142857142857, "event_type_recall": 0.4230769230769231, "argument_f1": 0.35714285714285715, "argument_precision": 0.8333333333333334, "argument_recall": 0.22727272727272727, "event_type_metrics_per_class": {"attack": {"f1": 0.5, "precision": 0.8333333333333334, "recall": 0.35714285714285715}, "bombing": {"f1": 0.6666666666666666, "precision": 0.7142857142857143, "recall": 0.625}, "kidnapping": {"f1": 1.0, "precision": 1.0, "recall": 1.0}, "arson": {"f1": 0.0, "precision": 0.0, "recall": 0.0}, "forced work stoppage": {"f1": 0.0, "precision": 0.0, "recall": 0.0}, "robbery": {"f1": 0.0, "precision": 0.0, "recall": 0.0}}, "argument_type_metrics_per_class": {"PerpInd": {"f1": 0.2962962962962963, "precision": 0.6666666666666666, "recall": 0.19047619047619047}, "PerpOrg": {"f1": 0.3076923076923077, "precision": 1.0, "recall": 0.18181818181818182}, "Target": {"f1": 0.375, "precision": 0.75, "recall": 0.25}, "Victim": {"f1": 0.33333333333333337, "precision": 1.0, "recall": 0.2}, "Weapon": {"f1": 0.6666666666666666, "precision": 1.0, "recall": 0.5}, "Triggers": {"f1": 0.55, "precision": 0.7857142857142857, "recall": 0.4230769230769231}}}