{"overall_f1": 0.2882882882882883, "overall_precision": 0.64, "overall_recall": 0.18604651162790697, "event_type_f1": 0.3125, "event_type_precision": 0.8333333333333334, "event_type_recall": 0.19230769230769232, "argument_f1": 0.27848101265822783, "argument_precision": 0.8461538461538461, "argument_recall": 0.16666666666666666, "event_type_metrics_per_class": {"attack": {"f1": 0.13333333333333333, "precision": 1.0, "recall": 0.07142857142857142}, "bombing": {"f1": 0.6153846153846154, "precision": 0.8, "recall": 0.5}, "kidnapping": {"f1": 0.0, "precision": 0.0, "recall": 0.0}, "arson": {"f1": 0.0, "precision": 0.0, "recall": 0.0}, "forced work stoppage": {"f1": 0.0, "precision": 0.0, "recall": 0.0}, "robbery": {"f1": 0.0, "precision": 0.0, "recall": 0.0}}, "argument_type_metrics_per_class": {"PerpInd": {"f1": 0.24, "precision": 0.75, "recall": 0.14285714285714285}, "PerpOrg": {"f1": 0.08695652173913045, "precision": 1.0, "recall": 0.045454545454545456}, "Target": {"f1": 0.4, "precision": 1.0, "recall": 0.25}, "Victim": {"f1": 0.28571428571428575, "precision": 0.5, "recall": 0.2}, "Weapon": {"f1": 0.6666666666666666, "precision": 1.0, "recall": 0.5}, "Triggers": {"f1": 0.375, "precision": 1.0, "recall": 0.23076923076923078}}}