{"overall_f1": 0.3333333333333333, "overall_precision": 0.4823529411764706, "overall_recall": 0.2546583850931677, "event_type_f1": 0.5, "event_type_precision": 0.8823529411764706, "event_type_recall": 0.3488372093023256, "argument_f1": 0.2795698924731183, "argument_precision": 0.7027027027027027, "argument_recall": 0.174496644295302, "event_type_metrics_per_class": {"attack": {"f1": 0.5909090909090909, "precision": 0.9285714285714286, "recall": 0.43333333333333335}, "bombing": {"f1": 0.2, "precision": 0.5, "recall": 0.125}, "kidnapping": {"f1": 0.5, "precision": 1.0, "recall": 0.3333333333333333}, "arson": {"f1": 0.0, "precision": 0.0, "recall": 0.0}, "forced work stoppage": {"f1": 0.0, "precision": 0.0, "recall": 0.0}, "robbery": {"f1": 0.0, "precision": 0.0, "recall": 0.0}}, "argument_type_metrics_per_class": {"PerpInd": {"f1": 0.15384615384615383, "precision": 0.6666666666666666, "recall": 0.08695652173913043}, "PerpOrg": {"f1": 0.14285714285714288, "precision": 1.0, "recall": 0.07692307692307693}, "Target": {"f1": 0.25806451612903225, "precision": 0.5, "recall": 0.17391304347826086}, "Victim": {"f1": 0.6122448979591837, "precision": 0.7894736842105263, "recall": 0.5}, "Weapon": {"f1": 0.0, "precision": 0.0, "recall": 0.0}, "Triggers": {"f1": 0.0, "precision": 0.0, "recall": 0.0}}}