{"overall_f1": 0.3841059602649006, "overall_precision": 0.43283582089552236, "overall_recall": 0.34523809523809523, "event_type_f1": 0.6666666666666667, "event_type_precision": 0.8888888888888888, "event_type_recall": 0.5333333333333333, "argument_f1": 0.25242718446601947, "argument_precision": 0.4482758620689655, "argument_recall": 0.17567567567567569, "event_type_metrics_per_class": {"attack": {"f1": 0.65, "precision": 0.8666666666666667, "recall": 0.52}, "bombing": {"f1": 0.8571428571428571, "precision": 1.0, "recall": 0.75}, "kidnapping": {"f1": 0.0, "precision": 0.0, "recall": 0.0}, "arson": {"f1": 0.0, "precision": 0.0, "recall": 0.0}, "forced work stoppage": {"f1": 0.0, "precision": 0.0, "recall": 0.0}, "robbery": {"f1": 0.0, "precision": 0.0, "recall": 0.0}}, "argument_type_metrics_per_class": {"PerpInd": {"f1": 0.2, "precision": 0.3, "recall": 0.15}, "PerpOrg": {"f1": 0.3076923076923077, "precision": 0.5714285714285714, "recall": 0.21052631578947367}, "Target": {"f1": 0.08, "precision": 0.25, "recall": 0.047619047619047616}, "Victim": {"f1": 0.5555555555555556, "precision": 0.7142857142857143, "recall": 0.45454545454545453}, "Weapon": {"f1": 0.0, "precision": 0.0, "recall": 0.0}, "Triggers": {"f1": 0.0, "precision": 0.0, "recall": 0.0}}}