{"overall_f1": 0.42105263157894735, "overall_precision": 0.4507042253521127, "overall_recall": 0.3950617283950617, "event_type_f1": 0.6938775510204083, "event_type_precision": 0.8947368421052632, "event_type_recall": 0.5666666666666667, "argument_f1": 0.2912621359223301, "argument_precision": 0.5172413793103449, "argument_recall": 0.20270270270270271, "event_type_metrics_per_class": {"attack": {"f1": 0.7000000000000001, "precision": 0.9333333333333333, "recall": 0.56}, "bombing": {"f1": 0.75, "precision": 0.75, "recall": 0.75}, "kidnapping": {"f1": 0.0, "precision": 0.0, "recall": 0.0}, "arson": {"f1": 0.0, "precision": 0.0, "recall": 0.0}, "forced work stoppage": {"f1": 0.0, "precision": 0.0, "recall": 0.0}, "robbery": {"f1": 0.0, "precision": 0.0, "recall": 0.0}}, "argument_type_metrics_per_class": {"PerpInd": {"f1": 0.26666666666666666, "precision": 0.4, "recall": 0.2}, "PerpOrg": {"f1": 0.3846153846153846, "precision": 0.7142857142857143, "recall": 0.2631578947368421}, "Target": {"f1": 0.08333333333333333, "precision": 0.3333333333333333, "recall": 0.047619047619047616}, "Victim": {"f1": 0.5555555555555556, "precision": 0.7142857142857143, "recall": 0.45454545454545453}, "Weapon": {"f1": 0.0, "precision": 0.0, "recall": 0.0}, "Triggers": {"f1": 0.0, "precision": 0.0, "recall": 0.0}}}