{"overall_f1": 0.35526315789473684, "overall_precision": 0.421875, "overall_recall": 0.3068181818181818, "event_type_f1": 0.5, "event_type_precision": 0.6666666666666666, "event_type_recall": 0.4, "argument_f1": 0.28846153846153844, "argument_precision": 0.5, "argument_recall": 0.20270270270270271, "event_type_metrics_per_class": {"attack": {"f1": 0.5238095238095238, "precision": 0.6470588235294118, "recall": 0.44}, "bombing": {"f1": 0.4, "precision": 1.0, "recall": 0.25}, "kidnapping": {"f1": 0.0, "precision": 0.0, "recall": 0.0}, "arson": {"f1": 0.0, "precision": 0.0, "recall": 0.0}, "forced work stoppage": {"f1": 0.0, "precision": 0.0, "recall": 0.0}, "robbery": {"f1": 0.0, "precision": 0.0, "recall": 0.0}}, "argument_type_metrics_per_class": {"PerpInd": {"f1": 0.3333333333333333, "precision": 0.5, "recall": 0.25}, "PerpOrg": {"f1": 0.22222222222222218, "precision": 0.375, "recall": 0.15789473684210525}, "Target": {"f1": 0.17391304347826084, "precision": 1.0, "recall": 0.09523809523809523}, "Victim": {"f1": 0.47619047619047616, "precision": 0.5, "recall": 0.45454545454545453}, "Weapon": {"f1": 0.0, "precision": 0.0, "recall": 0.0}, "Triggers": {"f1": 0.0, "precision": 0.0, "recall": 0.0}}}