{"overall_f1": 0.16129032258064516, "overall_precision": 0.4166666666666667, "overall_recall": 0.1, "event_type_f1": 0.2631578947368421, "event_type_precision": 0.625, "event_type_recall": 0.16666666666666666, "argument_f1": 0.11627906976744186, "argument_precision": 0.4166666666666667, "argument_recall": 0.06756756756756757, "event_type_metrics_per_class": {"attack": {"f1": 0.25806451612903225, "precision": 0.6666666666666666, "recall": 0.16}, "bombing": {"f1": 0.4, "precision": 1.0, "recall": 0.25}, "kidnapping": {"f1": 0.0, "precision": 0.0, "recall": 0.0}, "arson": {"f1": 0.0, "precision": 0.0, "recall": 0.0}, "forced work stoppage": {"f1": 0.0, "precision": 0.0, "recall": 0.0}, "robbery": {"f1": 0.0, "precision": 0.0, "recall": 0.0}}, "argument_type_metrics_per_class": {"PerpInd": {"f1": 0.09090909090909091, "precision": 0.5, "recall": 0.05}, "PerpOrg": {"f1": 0.1, "precision": 1.0, "recall": 0.05263157894736842}, "Target": {"f1": 0.08695652173913042, "precision": 0.5, "recall": 0.047619047619047616}, "Victim": {"f1": 0.2222222222222222, "precision": 0.2857142857142857, "recall": 0.18181818181818182}, "Weapon": {"f1": 0.0, "precision": 0.0, "recall": 0.0}, "Triggers": {"f1": 0.0, "precision": 0.0, "recall": 0.0}}}