{"overall_f1": 0.6640316205533597, "overall_precision": 0.5637583892617449, "overall_recall": 0.8076923076923077, "event_type_f1": 0.7692307692307692, "event_type_precision": 0.7142857142857143, "event_type_recall": 0.8333333333333334, "argument_f1": 0.6171428571428571, "argument_precision": 0.7297297297297297, "argument_recall": 0.5346534653465347, "event_type_metrics_per_class": {"attack": {"f1": 0.8484848484848485, "precision": 0.7777777777777778, "recall": 0.9333333333333333}, "bombing": {"f1": 0.7777777777777777, "precision": 0.7, "recall": 0.875}, "kidnapping": {"f1": 0.4, "precision": 0.3333333333333333, "recall": 0.5}, "arson": {"f1": 1.0, "precision": 1.0, "recall": 1.0}, "forced work stoppage": {"f1": 0.0, "precision": 0.0, "recall": 0.0}, "robbery": {"f1": 0.0, "precision": 0.0, "recall": 0.0}}, "argument_type_metrics_per_class": {"PerpInd": {"f1": 0.7142857142857143, "precision": 0.8333333333333334, "recall": 0.625}, "PerpOrg": {"f1": 0.7428571428571428, "precision": 0.7647058823529411, "recall": 0.7222222222222222}, "Target": {"f1": 0.5652173913043479, "precision": 0.7647058823529411, "recall": 0.4482758620689655}, "Victim": {"f1": 0.48, "precision": 0.6, "recall": 0.4}, "Weapon": {"f1": 0.5185185185185186, "precision": 0.5833333333333334, "recall": 0.4666666666666667}, "Triggers": {"f1": 0.3448275862068966, "precision": 0.2777777777777778, "recall": 0.45454545454545453}}}