{"overall_f1": 0.6484375, "overall_precision": 0.5533333333333333, "overall_recall": 0.7830188679245284, "event_type_f1": 0.7948717948717949, "event_type_precision": 0.7380952380952381, "event_type_recall": 0.8611111111111112, "argument_f1": 0.5842696629213483, "argument_precision": 0.6753246753246753, "argument_recall": 0.5148514851485149, "event_type_metrics_per_class": {"attack": {"f1": 0.8387096774193549, "precision": 0.8125, "recall": 0.8666666666666667}, "bombing": {"f1": 0.7894736842105263, "precision": 0.6818181818181818, "recall": 0.9375}, "kidnapping": {"f1": 0.8, "precision": 0.6666666666666666, "recall": 1.0}, "arson": {"f1": 1.0, "precision": 1.0, "recall": 1.0}, "forced work stoppage": {"f1": 0.0, "precision": 0.0, "recall": 0.0}, "robbery": {"f1": 0.0, "precision": 0.0, "recall": 0.0}}, "argument_type_metrics_per_class": {"PerpInd": {"f1": 0.5909090909090908, "precision": 0.65, "recall": 0.5416666666666666}, "PerpOrg": {"f1": 0.7878787878787877, "precision": 0.8666666666666667, "recall": 0.7222222222222222}, "Target": {"f1": 0.5106382978723404, "precision": 0.6666666666666666, "recall": 0.41379310344827586}, "Victim": {"f1": 0.5517241379310344, "precision": 0.5714285714285714, "recall": 0.5333333333333333}, "Weapon": {"f1": 0.48, "precision": 0.6, "recall": 0.4}, "Triggers": {"f1": 0.3333333333333333, "precision": 0.2631578947368421, "recall": 0.45454545454545453}}}