{"overall_f1": 0.5132743362831859, "overall_precision": 0.5178571428571429, "overall_recall": 0.5087719298245614, "event_type_f1": 0.6461538461538462, "event_type_precision": 0.7241379310344828, "event_type_recall": 0.5833333333333334, "argument_f1": 0.45962732919254656, "argument_precision": 0.6166666666666667, "argument_recall": 0.36633663366336633, "event_type_metrics_per_class": {"attack": {"f1": 0.5925925925925926, "precision": 0.6666666666666666, "recall": 0.5333333333333333}, "bombing": {"f1": 0.7857142857142857, "precision": 0.9166666666666666, "recall": 0.6875}, "kidnapping": {"f1": 0.4, "precision": 0.3333333333333333, "recall": 0.5}, "arson": {"f1": 0.6666666666666666, "precision": 0.5, "recall": 1.0}, "forced work stoppage": {"f1": 0.0, "precision": 0.0, "recall": 0.0}, "robbery": {"f1": 0.0, "precision": 0.0, "recall": 0.0}}, "argument_type_metrics_per_class": {"PerpInd": {"f1": 0.4615384615384615, "precision": 0.6, "recall": 0.375}, "PerpOrg": {"f1": 0.4827586206896552, "precision": 0.6363636363636364, "recall": 0.3888888888888889}, "Target": {"f1": 0.32558139534883723, "precision": 0.5, "recall": 0.2413793103448276}, "Victim": {"f1": 0.6206896551724138, "precision": 0.6428571428571429, "recall": 0.6}, "Weapon": {"f1": 0.47619047619047616, "precision": 0.8333333333333334, "recall": 0.3333333333333333}, "Triggers": {"f1": 0.41666666666666663, "precision": 0.38461538461538464, "recall": 0.45454545454545453}}}