{"overall_f1": 0.5603448275862069, "overall_precision": 0.5652173913043478, "overall_recall": 0.5555555555555556, "event_type_f1": 0.676470588235294, "event_type_precision": 0.71875, "event_type_recall": 0.6388888888888888, "argument_f1": 0.5121951219512194, "argument_precision": 0.6666666666666666, "argument_recall": 0.4158415841584158, "event_type_metrics_per_class": {"attack": {"f1": 0.6923076923076923, "precision": 0.8181818181818182, "recall": 0.6}, "bombing": {"f1": 0.7272727272727272, "precision": 0.7058823529411765, "recall": 0.75}, "kidnapping": {"f1": 0.4, "precision": 0.3333333333333333, "recall": 0.5}, "arson": {"f1": 1.0, "precision": 1.0, "recall": 1.0}, "forced work stoppage": {"f1": 0.0, "precision": 0.0, "recall": 0.0}, "robbery": {"f1": 0.0, "precision": 0.0, "recall": 0.0}}, "argument_type_metrics_per_class": {"PerpInd": {"f1": 0.5405405405405406, "precision": 0.7692307692307693, "recall": 0.4166666666666667}, "PerpOrg": {"f1": 0.46153846153846156, "precision": 0.75, "recall": 0.3333333333333333}, "Target": {"f1": 0.391304347826087, "precision": 0.5294117647058824, "recall": 0.3103448275862069}, "Victim": {"f1": 0.7096774193548386, "precision": 0.6875, "recall": 0.7333333333333333}, "Weapon": {"f1": 0.5, "precision": 0.6666666666666666, "recall": 0.4}, "Triggers": {"f1": 0.4, "precision": 0.35714285714285715, "recall": 0.45454545454545453}}}