{"overall_f1": 0.5947643979057592, "overall_precision": 0.5725806451612904, "overall_recall": 0.6187363834422658, "event_type_f1": 0.8475836431226768, "event_type_precision": 0.991304347826087, "event_type_recall": 0.7402597402597403, "argument_f1": 0.4956268221574344, "argument_precision": 0.776255707762557, "argument_recall": 0.3640256959314775, "event_type_metrics_per_class": {"attack": {"f1": 0.8048780487804879, "precision": 0.9850746268656716, "recall": 0.6804123711340206}, "bombing": {"f1": 0.923076923076923, "precision": 1.0, "recall": 0.8571428571428571}, "kidnapping": {"f1": 0.9523809523809523, "precision": 1.0, "recall": 0.9090909090909091}, "arson": {"f1": 1.0, "precision": 1.0, "recall": 1.0}, "forced work stoppage": {"f1": 0.0, "precision": 0.0, "recall": 0.0}, "robbery": {"f1": 0.0, "precision": 0.0, "recall": 0.0}}, "argument_type_metrics_per_class": {"PerpInd": {"f1": 0.38372093023255816, "precision": 0.75, "recall": 0.2578125}, "PerpOrg": {"f1": 0.5120000000000001, "precision": 0.7441860465116279, "recall": 0.3902439024390244}, "Target": {"f1": 0.46706586826347307, "precision": 0.7959183673469388, "recall": 0.3305084745762712}, "Victim": {"f1": 0.5882352941176471, "precision": 0.7843137254901961, "recall": 0.47058823529411764}, "Weapon": {"f1": 0.6046511627906976, "precision": 0.8125, "recall": 0.48148148148148145}, "Triggers": {"f1": 0.7450980392156862, "precision": 0.991304347826087, "recall": 0.5968586387434555}}}