{"overall_f1": 0.4506769825918762, "overall_precision": 0.5696821515892421, "overall_recall": 0.3728, "event_type_f1": 0.6136363636363636, "event_type_precision": 0.8617021276595744, "event_type_recall": 0.4764705882352941, "argument_f1": 0.3948051948051948, "argument_precision": 0.6333333333333333, "argument_recall": 0.28679245283018867, "event_type_metrics_per_class": {"attack": {"f1": 0.6097560975609756, "precision": 0.8771929824561403, "recall": 0.4672897196261682}, "bombing": {"f1": 0.6578947368421053, "precision": 0.8064516129032258, "recall": 0.5555555555555556}, "kidnapping": {"f1": 0.5333333333333333, "precision": 1.0, "recall": 0.36363636363636365}, "arson": {"f1": 0.8, "precision": 1.0, "recall": 0.6666666666666666}, "forced work stoppage": {"f1": 0.0, "precision": 0.0, "recall": 0.0}, "robbery": {"f1": 0.0, "precision": 0.0, "recall": 0.0}}, "argument_type_metrics_per_class": {"PerpInd": {"f1": 0.2741116751269036, "precision": 0.574468085106383, "recall": 0.18}, "PerpOrg": {"f1": 0.3835616438356164, "precision": 0.6511627906976745, "recall": 0.27184466019417475}, "Target": {"f1": 0.35359116022099446, "precision": 0.5925925925925926, "recall": 0.25196850393700787}, "Victim": {"f1": 0.5822784810126582, "precision": 0.6865671641791045, "recall": 0.5054945054945055}, "Weapon": {"f1": 0.43181818181818177, "precision": 0.6551724137931034, "recall": 0.3220338983050847}, "Triggers": {"f1": 0.4984227129337539, "precision": 0.8681318681318682, "recall": 0.3495575221238938}}}