{"overall_f1": 0.503921568627451, "overall_precision": 0.5685840707964602, "overall_recall": 0.4524647887323944, "event_type_f1": 0.7037037037037037, "event_type_precision": 0.95, "event_type_recall": 0.5588235294117647, "argument_f1": 0.43200000000000005, "argument_precision": 0.7363636363636363, "argument_recall": 0.30566037735849055, "event_type_metrics_per_class": {"attack": {"f1": 0.6375000000000001, "precision": 0.9622641509433962, "recall": 0.4766355140186916}, "bombing": {"f1": 0.8536585365853658, "precision": 0.9459459459459459, "recall": 0.7777777777777778}, "kidnapping": {"f1": 0.7777777777777778, "precision": 1.0, "recall": 0.6363636363636364}, "arson": {"f1": 0.6666666666666666, "precision": 0.6666666666666666, "recall": 0.6666666666666666}, "forced work stoppage": {"f1": 0.0, "precision": 0.0, "recall": 0.0}, "robbery": {"f1": 0.0, "precision": 0.0, "recall": 0.0}}, "argument_type_metrics_per_class": {"PerpInd": {"f1": 0.3333333333333333, "precision": 0.7619047619047619, "recall": 0.21333333333333335}, "PerpOrg": {"f1": 0.265625, "precision": 0.68, "recall": 0.1650485436893204}, "Target": {"f1": 0.4455958549222798, "precision": 0.6515151515151515, "recall": 0.33858267716535434}, "Victim": {"f1": 0.5945945945945946, "precision": 0.7719298245614035, "recall": 0.4835164835164835}, "Weapon": {"f1": 0.5842696629213483, "precision": 0.8666666666666667, "recall": 0.4406779661016949}, "Triggers": {"f1": 0.47021943573667707, "precision": 0.7894736842105263, "recall": 0.33482142857142855}}}