{"overall_f1": 0.6291390728476821, "overall_precision": 0.5337078651685393, "overall_recall": 0.7661290322580645, "event_type_f1": 0.8837209302325582, "event_type_precision": 0.8444444444444444, "event_type_recall": 0.926829268292683, "argument_f1": 0.5277777777777778, "argument_precision": 0.6705882352941176, "argument_recall": 0.4351145038167939, "event_type_metrics_per_class": {"attack": {"f1": 0.9375, "precision": 1.0, "recall": 0.8823529411764706}, "bombing": {"f1": 0.8372093023255814, "precision": 0.75, "recall": 0.9473684210526315}, "kidnapping": {"f1": 0.888888888888889, "precision": 0.8, "recall": 1.0}, "arson": {"f1": 1.0, "precision": 1.0, "recall": 1.0}, "forced work stoppage": {"f1": 0.0, "precision": 0.0, "recall": 0.0}, "robbery": {"f1": 0.0, "precision": 0.0, "recall": 0.0}}, "argument_type_metrics_per_class": {"PerpInd": {"f1": 0.5333333333333333, "precision": 0.7272727272727273, "recall": 0.42105263157894735}, "PerpOrg": {"f1": 0.5, "precision": 0.5, "recall": 0.5}, "Target": {"f1": 0.456140350877193, "precision": 0.65, "recall": 0.35135135135135137}, "Victim": {"f1": 0.5714285714285715, "precision": 0.6153846153846154, "recall": 0.5333333333333333}, "Weapon": {"f1": 0.6046511627906976, "precision": 0.8125, "recall": 0.48148148148148145}, "Triggers": {"f1": 0.37499999999999994, "precision": 0.2727272727272727, "recall": 0.6}}}