{"overall_f1": 0.6222222222222222, "overall_precision": 0.5268817204301075, "overall_recall": 0.7596899224806202, "event_type_f1": 0.8863636363636364, "event_type_precision": 0.8297872340425532, "event_type_recall": 0.9512195121951219, "argument_f1": 0.5198237885462554, "argument_precision": 0.6145833333333334, "argument_recall": 0.45038167938931295, "event_type_metrics_per_class": {"attack": {"f1": 0.9696969696969697, "precision": 1.0, "recall": 0.9411764705882353}, "bombing": {"f1": 0.8181818181818181, "precision": 0.72, "recall": 0.9473684210526315}, "kidnapping": {"f1": 0.888888888888889, "precision": 0.8, "recall": 1.0}, "arson": {"f1": 1.0, "precision": 1.0, "recall": 1.0}, "forced work stoppage": {"f1": 0.0, "precision": 0.0, "recall": 0.0}, "robbery": {"f1": 0.0, "precision": 0.0, "recall": 0.0}}, "argument_type_metrics_per_class": {"PerpInd": {"f1": 0.5079365079365079, "precision": 0.64, "recall": 0.42105263157894735}, "PerpOrg": {"f1": 0.5517241379310344, "precision": 0.5333333333333333, "recall": 0.5714285714285714}, "Target": {"f1": 0.39344262295081966, "precision": 0.5, "recall": 0.32432432432432434}, "Victim": {"f1": 0.5714285714285715, "precision": 0.6153846153846154, "recall": 0.5333333333333333}, "Weapon": {"f1": 0.6521739130434783, "precision": 0.7894736842105263, "recall": 0.5555555555555556}, "Triggers": {"f1": 0.35294117647058826, "precision": 0.25, "recall": 0.6}}}