{"overall_f1": 0.40322580645161293, "overall_precision": 0.42735042735042733, "overall_recall": 0.3816793893129771, "event_type_f1": 0.6285714285714286, "event_type_precision": 0.7586206896551724, "event_type_recall": 0.5365853658536586, "argument_f1": 0.31460674157303364, "argument_precision": 0.5957446808510638, "argument_recall": 0.21374045801526717, "event_type_metrics_per_class": {"attack": {"f1": 0.5161290322580646, "precision": 0.5714285714285714, "recall": 0.47058823529411764}, "bombing": {"f1": 0.6896551724137931, "precision": 1.0, "recall": 0.5263157894736842}, "kidnapping": {"f1": 0.888888888888889, "precision": 0.8, "recall": 1.0}, "arson": {"f1": 0.0, "precision": 0.0, "recall": 0.0}, "forced work stoppage": {"f1": 0.0, "precision": 0.0, "recall": 0.0}, "robbery": {"f1": 0.0, "precision": 0.0, "recall": 0.0}}, "argument_type_metrics_per_class": {"PerpInd": {"f1": 0.3773584905660377, "precision": 0.6666666666666666, "recall": 0.2631578947368421}, "PerpOrg": {"f1": 0.38095238095238093, "precision": 0.5714285714285714, "recall": 0.2857142857142857}, "Target": {"f1": 0.20833333333333334, "precision": 0.45454545454545453, "recall": 0.13513513513513514}, "Victim": {"f1": 0.56, "precision": 0.7, "recall": 0.4666666666666667}, "Weapon": {"f1": 0.12903225806451613, "precision": 0.5, "recall": 0.07407407407407407}, "Triggers": {"f1": 0.37499999999999994, "precision": 0.2727272727272727, "recall": 0.6}}}