{"overall_f1": 0.5197368421052632, "overall_precision": 0.5, "overall_recall": 0.541095890410959, "event_type_f1": 0.6835443037974684, "event_type_precision": 0.7105263157894737, "event_type_recall": 0.6585365853658537, "argument_f1": 0.46222222222222226, "argument_precision": 0.5531914893617021, "argument_recall": 0.3969465648854962, "event_type_metrics_per_class": {"attack": {"f1": 0.5333333333333333, "precision": 0.6153846153846154, "recall": 0.47058823529411764}, "bombing": {"f1": 0.7894736842105263, "precision": 0.7894736842105263, "recall": 0.7894736842105263}, "kidnapping": {"f1": 0.8, "precision": 0.6666666666666666, "recall": 1.0}, "arson": {"f1": 0.0, "precision": 0.0, "recall": 0.0}, "forced work stoppage": {"f1": 0.0, "precision": 0.0, "recall": 0.0}, "robbery": {"f1": 0.0, "precision": 0.0, "recall": 0.0}}, "argument_type_metrics_per_class": {"PerpInd": {"f1": 0.44067796610169496, "precision": 0.6190476190476191, "recall": 0.34210526315789475}, "PerpOrg": {"f1": 0.2857142857142857, "precision": 0.42857142857142855, "recall": 0.21428571428571427}, "Target": {"f1": 0.4507042253521127, "precision": 0.47058823529411764, "recall": 0.43243243243243246}, "Victim": {"f1": 0.5, "precision": 0.47058823529411764, "recall": 0.5333333333333333}, "Weapon": {"f1": 0.5714285714285714, "precision": 0.8, "recall": 0.4444444444444444}, "Triggers": {"f1": 0.11764705882352941, "precision": 0.08333333333333333, "recall": 0.2}}}