{"overall_f1": 0.6133333333333334, "overall_precision": 0.5476190476190477, "overall_recall": 0.696969696969697, "event_type_f1": 0.8979591836734695, "event_type_precision": 0.9565217391304348, "event_type_recall": 0.8461538461538461, "argument_f1": 0.4752475247524753, "argument_precision": 0.6857142857142857, "argument_recall": 0.36363636363636365, "event_type_metrics_per_class": {"attack": {"f1": 0.962962962962963, "precision": 1.0, "recall": 0.9285714285714286}, "bombing": {"f1": 0.9411764705882353, "precision": 0.8888888888888888, "recall": 1.0}, "kidnapping": {"f1": 1.0, "precision": 1.0, "recall": 1.0}, "arson": {"f1": 0.0, "precision": 0.0, "recall": 0.0}, "forced work stoppage": {"f1": 0.0, "precision": 0.0, "recall": 0.0}, "robbery": {"f1": 0.0, "precision": 0.0, "recall": 0.0}}, "argument_type_metrics_per_class": {"PerpInd": {"f1": 0.6153846153846153, "precision": 0.6666666666666666, "recall": 0.5714285714285714}, "PerpOrg": {"f1": 0.35714285714285715, "precision": 0.8333333333333334, "recall": 0.22727272727272727}, "Target": {"f1": 0.26666666666666666, "precision": 0.6666666666666666, "recall": 0.16666666666666666}, "Victim": {"f1": 0.6666666666666665, "precision": 0.75, "recall": 0.6}, "Weapon": {"f1": 0.4, "precision": 0.5, "recall": 0.3333333333333333}, "Triggers": {"f1": 0.2727272727272727, "precision": 0.2727272727272727, "recall": 0.2727272727272727}}}