{"overall_f1": 0.6086956521739131, "overall_precision": 0.5903614457831325, "overall_recall": 0.6282051282051282, "event_type_f1": 0.7346938775510203, "event_type_precision": 0.782608695652174, "event_type_recall": 0.6923076923076923, "argument_f1": 0.5535714285714286, "argument_precision": 0.6739130434782609, "argument_recall": 0.4696969696969697, "event_type_metrics_per_class": {"attack": {"f1": 0.8148148148148148, "precision": 0.8461538461538461, "recall": 0.7857142857142857}, "bombing": {"f1": 0.823529411764706, "precision": 0.7777777777777778, "recall": 0.875}, "kidnapping": {"f1": 0.0, "precision": 0.0, "recall": 0.0}, "arson": {"f1": 0.0, "precision": 0.0, "recall": 0.0}, "forced work stoppage": {"f1": 0.0, "precision": 0.0, "recall": 0.0}, "robbery": {"f1": 0.0, "precision": 0.0, "recall": 0.0}}, "argument_type_metrics_per_class": {"PerpInd": {"f1": 0.6818181818181819, "precision": 0.6521739130434783, "recall": 0.7142857142857143}, "PerpOrg": {"f1": 0.41379310344827586, "precision": 0.8571428571428571, "recall": 0.2727272727272727}, "Target": {"f1": 0.5, "precision": 0.625, "recall": 0.4166666666666667}, "Victim": {"f1": 0.5, "precision": 0.6666666666666666, "recall": 0.4}, "Weapon": {"f1": 0.5454545454545454, "precision": 0.6, "recall": 0.5}, "Triggers": {"f1": 0.17391304347826086, "precision": 0.16666666666666666, "recall": 0.18181818181818182}}}