{"overall_f1": 0.2568807339449541, "overall_precision": 0.5384615384615384, "overall_recall": 0.1686746987951807, "event_type_f1": 0.375, "event_type_precision": 1.0, "event_type_recall": 0.23076923076923078, "argument_f1": 0.2077922077922078, "argument_precision": 0.7272727272727273, "argument_recall": 0.12121212121212122, "event_type_metrics_per_class": {"attack": {"f1": 0.25, "precision": 1.0, "recall": 0.14285714285714285}, "bombing": {"f1": 0.6666666666666666, "precision": 1.0, "recall": 0.5}, "kidnapping": {"f1": 0.0, "precision": 0.0, "recall": 0.0}, "arson": {"f1": 0.0, "precision": 0.0, "recall": 0.0}, "forced work stoppage": {"f1": 0.0, "precision": 0.0, "recall": 0.0}, "robbery": {"f1": 0.0, "precision": 0.0, "recall": 0.0}}, "argument_type_metrics_per_class": {"PerpInd": {"f1": 0.2962962962962963, "precision": 0.6666666666666666, "recall": 0.19047619047619047}, "PerpOrg": {"f1": 0.08695652173913045, "precision": 1.0, "recall": 0.045454545454545456}, "Target": {"f1": 0.15384615384615385, "precision": 1.0, "recall": 0.08333333333333333}, "Victim": {"f1": 0.28571428571428575, "precision": 0.5, "recall": 0.2}, "Weapon": {"f1": 0.2857142857142857, "precision": 1.0, "recall": 0.16666666666666666}, "Triggers": {"f1": 0.28571428571428575, "precision": 0.6666666666666666, "recall": 0.18181818181818182}}}