{"overall_f1": 0.3589743589743589, "overall_precision": 0.75, "overall_recall": 0.23595505617977527, "event_type_f1": 0.42424242424242425, "event_type_precision": 1.0, "event_type_recall": 0.2692307692307692, "argument_f1": 0.3333333333333333, "argument_precision": 0.7777777777777778, "argument_recall": 0.21212121212121213, "event_type_metrics_per_class": {"attack": {"f1": 0.13333333333333333, "precision": 1.0, "recall": 0.07142857142857142}, "bombing": {"f1": 0.7692307692307693, "precision": 1.0, "recall": 0.625}, "kidnapping": {"f1": 1.0, "precision": 1.0, "recall": 1.0}, "arson": {"f1": 0.0, "precision": 0.0, "recall": 0.0}, "forced work stoppage": {"f1": 0.0, "precision": 0.0, "recall": 0.0}, "robbery": {"f1": 0.0, "precision": 0.0, "recall": 0.0}}, "argument_type_metrics_per_class": {"PerpInd": {"f1": 0.4137931034482759, "precision": 0.75, "recall": 0.2857142857142857}, "PerpOrg": {"f1": 0.08695652173913045, "precision": 1.0, "recall": 0.045454545454545456}, "Target": {"f1": 0.47058823529411764, "precision": 0.8, "recall": 0.3333333333333333}, "Victim": {"f1": 0.5, "precision": 0.6666666666666666, "recall": 0.4}, "Weapon": {"f1": 0.2857142857142857, "precision": 1.0, "recall": 0.16666666666666666}, "Triggers": {"f1": 0.39999999999999997, "precision": 0.75, "recall": 0.2727272727272727}}}