{"overall_f1": 0.6483300589390962, "overall_precision": 0.5978260869565217, "overall_recall": 0.7081545064377682, "event_type_f1": 0.863013698630137, "event_type_precision": 0.9264705882352942, "event_type_recall": 0.8076923076923077, "argument_f1": 0.5619834710743801, "argument_precision": 0.7786259541984732, "argument_recall": 0.4396551724137931, "event_type_metrics_per_class": {"attack": {"f1": 0.8292682926829269, "precision": 0.9444444444444444, "recall": 0.7391304347826086}, "bombing": {"f1": 0.9387755102040817, "precision": 0.9583333333333334, "recall": 0.92}, "kidnapping": {"f1": 0.8333333333333333, "precision": 0.7142857142857143, "recall": 1.0}, "arson": {"f1": 1.0, "precision": 1.0, "recall": 1.0}, "forced work stoppage": {"f1": 0.0, "precision": 0.0, "recall": 0.0}, "robbery": {"f1": 0.0, "precision": 0.0, "recall": 0.0}}, "argument_type_metrics_per_class": {"PerpInd": {"f1": 0.4842105263157895, "precision": 0.7666666666666667, "recall": 0.35384615384615387}, "PerpOrg": {"f1": 0.5714285714285714, "precision": 0.7272727272727273, "recall": 0.47058823529411764}, "Target": {"f1": 0.5, "precision": 0.76, "recall": 0.37254901960784315}, "Victim": {"f1": 0.5909090909090909, "precision": 0.7428571428571429, "recall": 0.49056603773584906}, "Weapon": {"f1": 0.75, "precision": 0.9473684210526315, "recall": 0.6206896551724138}, "Triggers": {"f1": 0.773006134969325, "precision": 0.9264705882352942, "recall": 0.6631578947368421}}}