{"overall_f1": 0.46808510638297873, "overall_precision": 0.4714285714285714, "overall_recall": 0.4647887323943662, "event_type_f1": 0.5935483870967742, "event_type_precision": 0.6133333333333333, "event_type_recall": 0.575, "argument_f1": 0.4205378973105135, "argument_precision": 0.5058823529411764, "argument_recall": 0.3598326359832636, "event_type_metrics_per_class": {"attack": {"f1": 0.5979381443298969, "precision": 0.58, "recall": 0.6170212765957447}, "bombing": {"f1": 0.5957446808510638, "precision": 0.6666666666666666, "recall": 0.5384615384615384}, "kidnapping": {"f1": 0.6666666666666665, "precision": 0.75, "recall": 0.6}, "arson": {"f1": 0.0, "precision": 0.0, "recall": 0.0}, "forced work stoppage": {"f1": 0.0, "precision": 0.0, "recall": 0.0}, "robbery": {"f1": 0.0, "precision": 0.0, "recall": 0.0}}, "argument_type_metrics_per_class": {"PerpInd": {"f1": 0.27184466019417475, "precision": 0.3888888888888889, "recall": 0.208955223880597}, "PerpOrg": {"f1": 0.4444444444444445, "precision": 0.5, "recall": 0.4}, "Target": {"f1": 0.40506329113924056, "precision": 0.5925925925925926, "recall": 0.3076923076923077}, "Victim": {"f1": 0.5045045045045046, "precision": 0.49122807017543857, "recall": 0.5185185185185185}, "Weapon": {"f1": 0.5283018867924528, "precision": 0.6363636363636364, "recall": 0.45161290322580644}, "Triggers": {"f1": 0.5238095238095238, "precision": 0.6027397260273972, "recall": 0.4631578947368421}}}