{"overall_f1": 0.5194346289752649, "overall_precision": 0.48514851485148514, "overall_recall": 0.55893536121673, "event_type_f1": 0.6380368098159509, "event_type_precision": 0.6265060240963856, "event_type_recall": 0.65, "argument_f1": 0.47146401985111663, "argument_precision": 0.5792682926829268, "argument_recall": 0.39748953974895396, "event_type_metrics_per_class": {"attack": {"f1": 0.6, "precision": 0.627906976744186, "recall": 0.574468085106383}, "bombing": {"f1": 0.7017543859649122, "precision": 0.6451612903225806, "recall": 0.7692307692307693}, "kidnapping": {"f1": 0.6153846153846154, "precision": 0.5, "recall": 0.8}, "arson": {"f1": 1.0, "precision": 1.0, "recall": 1.0}, "forced work stoppage": {"f1": 0.0, "precision": 0.0, "recall": 0.0}, "robbery": {"f1": 0.0, "precision": 0.0, "recall": 0.0}}, "argument_type_metrics_per_class": {"PerpInd": {"f1": 0.39999999999999997, "precision": 0.6060606060606061, "recall": 0.29850746268656714}, "PerpOrg": {"f1": 0.2962962962962963, "precision": 0.42105263157894735, "recall": 0.22857142857142856}, "Target": {"f1": 0.5154639175257731, "precision": 0.5555555555555556, "recall": 0.4807692307692308}, "Victim": {"f1": 0.6041666666666667, "precision": 0.6904761904761905, "recall": 0.5370370370370371}, "Weapon": {"f1": 0.46428571428571425, "precision": 0.52, "recall": 0.41935483870967744}, "Triggers": {"f1": 0.4971751412429379, "precision": 0.5432098765432098, "recall": 0.4583333333333333}}}