{"overall_f1": 0.4738955823293173, "overall_precision": 0.4609375, "overall_recall": 0.48760330578512395, "event_type_f1": 0.8474576271186441, "event_type_precision": 1.0, "event_type_recall": 0.7352941176470589, "argument_f1": 0.35789473684210527, "argument_precision": 0.6181818181818182, "argument_recall": 0.2518518518518518, "event_type_metrics_per_class": {"attack": {"f1": 0.8, "precision": 1.0, "recall": 0.6666666666666666}, "bombing": {"f1": 0.9411764705882353, "precision": 1.0, "recall": 0.8888888888888888}, "kidnapping": {"f1": 1.0, "precision": 1.0, "recall": 1.0}, "arson": {"f1": 0.0, "precision": 0.0, "recall": 0.0}, "forced work stoppage": {"f1": 0.0, "precision": 0.0, "recall": 0.0}, "robbery": {"f1": 0.0, "precision": 0.0, "recall": 0.0}}, "argument_type_metrics_per_class": {"PerpInd": {"f1": 0.2790697674418604, "precision": 0.75, "recall": 0.17142857142857143}, "PerpOrg": {"f1": 0.489795918367347, "precision": 0.8, "recall": 0.35294117647058826}, "Target": {"f1": 0.2711864406779661, "precision": 0.5714285714285714, "recall": 0.17777777777777778}, "Victim": {"f1": 0.5714285714285715, "precision": 0.6153846153846154, "recall": 0.5333333333333333}, "Weapon": {"f1": 0.0, "precision": 0.0, "recall": 0.0}, "Triggers": {"f1": 0.8474576271186441, "precision": 1.0, "recall": 0.7352941176470589}}}