{"overall_f1": 0.23645320197044334, "overall_precision": 0.32432432432432434, "overall_recall": 0.18604651162790697, "event_type_f1": 0.6399999999999999, "event_type_precision": 1.0, "event_type_recall": 0.47058823529411764, "argument_f1": 0.10457516339869281, "argument_precision": 0.4444444444444444, "argument_recall": 0.05925925925925926, "event_type_metrics_per_class": {"attack": {"f1": 0.5, "precision": 1.0, "recall": 0.3333333333333333}, "bombing": {"f1": 0.8, "precision": 1.0, "recall": 0.6666666666666666}, "kidnapping": {"f1": 0.888888888888889, "precision": 1.0, "recall": 0.8}, "arson": {"f1": 0.0, "precision": 0.0, "recall": 0.0}, "forced work stoppage": {"f1": 0.0, "precision": 0.0, "recall": 0.0}, "robbery": {"f1": 0.0, "precision": 0.0, "recall": 0.0}}, "argument_type_metrics_per_class": {"PerpInd": {"f1": 0.10256410256410256, "precision": 0.5, "recall": 0.05714285714285714}, "PerpOrg": {"f1": 0.10256410256410256, "precision": 0.4, "recall": 0.058823529411764705}, "Target": {"f1": 0.12000000000000001, "precision": 0.6, "recall": 0.06666666666666667}, "Victim": {"f1": 0.10526315789473685, "precision": 0.25, "recall": 0.06666666666666667}, "Weapon": {"f1": 0.0, "precision": 0.0, "recall": 0.0}, "Triggers": {"f1": 0.6399999999999999, "precision": 1.0, "recall": 0.47058823529411764}}}