{"overall_f1": 0.2524271844660194, "overall_precision": 0.5098039215686274, "overall_recall": 0.16774193548387098, "event_type_f1": 0.48888888888888893, "event_type_precision": 1.0, "event_type_recall": 0.3235294117647059, "argument_f1": 0.18633540372670807, "argument_precision": 0.5769230769230769, "argument_recall": 0.1111111111111111, "event_type_metrics_per_class": {"attack": {"f1": 0.5, "precision": 1.0, "recall": 0.3333333333333333}, "bombing": {"f1": 0.3636363636363636, "precision": 1.0, "recall": 0.2222222222222222}, "kidnapping": {"f1": 0.7499999999999999, "precision": 1.0, "recall": 0.6}, "arson": {"f1": 0.0, "precision": 0.0, "recall": 0.0}, "forced work stoppage": {"f1": 0.0, "precision": 0.0, "recall": 0.0}, "robbery": {"f1": 0.0, "precision": 0.0, "recall": 0.0}}, "argument_type_metrics_per_class": {"PerpInd": {"f1": 0.14634146341463414, "precision": 0.5, "recall": 0.08571428571428572}, "PerpOrg": {"f1": 0.15384615384615385, "precision": 0.6, "recall": 0.08823529411764706}, "Target": {"f1": 0.11764705882352941, "precision": 0.5, "recall": 0.06666666666666667}, "Victim": {"f1": 0.5217391304347827, "precision": 0.75, "recall": 0.4}, "Weapon": {"f1": 0.0, "precision": 0.0, "recall": 0.0}, "Triggers": {"f1": 0.48888888888888893, "precision": 1.0, "recall": 0.3235294117647059}}}