{"overall_f1": 0.6542750929368031, "overall_precision": 0.6470588235294118, "overall_recall": 0.6616541353383458, "event_type_f1": 0.7123287671232876, "event_type_precision": 0.7027027027027027, "event_type_recall": 0.7222222222222222, "argument_f1": 0.6326530612244898, "argument_precision": 0.6526315789473685, "argument_recall": 0.6138613861386139, "event_type_metrics_per_class": {"attack": {"f1": 0.6666666666666666, "precision": 0.6111111111111112, "recall": 0.7333333333333333}, "bombing": {"f1": 0.8125, "precision": 0.8125, "recall": 0.8125}, "kidnapping": {"f1": 0.5, "precision": 0.5, "recall": 0.5}, "arson": {"f1": 1.0, "precision": 1.0, "recall": 1.0}, "forced work stoppage": {"f1": 0.0, "precision": 0.0, "recall": 0.0}, "robbery": {"f1": 0.0, "precision": 0.0, "recall": 0.0}}, "argument_type_metrics_per_class": {"PerpInd": {"f1": 0.5853658536585366, "precision": 0.7058823529411765, "recall": 0.5}, "PerpOrg": {"f1": 0.5517241379310345, "precision": 0.7272727272727273, "recall": 0.4444444444444444}, "Target": {"f1": 0.6349206349206349, "precision": 0.5882352941176471, "recall": 0.6896551724137931}, "Victim": {"f1": 0.6666666666666666, "precision": 0.6111111111111112, "recall": 0.7333333333333333}, "Weapon": {"f1": 0.7333333333333333, "precision": 0.7333333333333333, "recall": 0.7333333333333333}, "Triggers": {"f1": 0.0273972602739726, "precision": 0.02702702702702703, "recall": 0.027777777777777776}}}