{"overall_f1": 0.6018808777429467, "overall_precision": 0.7619047619047619, "overall_recall": 0.49740932642487046, "event_type_f1": 0.7424242424242423, "event_type_precision": 0.98, "event_type_recall": 0.5975609756097561, "argument_f1": 0.5026737967914439, "argument_precision": 0.6619718309859155, "argument_recall": 0.4051724137931034, "event_type_metrics_per_class": {"attack": {"f1": 0.7256637168141593, "precision": 0.9761904761904762, "recall": 0.5774647887323944}, "bombing": {"f1": 0.9090909090909091, "precision": 1.0, "recall": 0.8333333333333334}, "kidnapping": {"f1": 0.8571428571428571, "precision": 1.0, "recall": 0.75}, "arson": {"f1": 0.0, "precision": 0.0, "recall": 0.0}, "forced work stoppage": {"f1": 0.0, "precision": 0.0, "recall": 0.0}, "robbery": {"f1": 0.0, "precision": 0.0, "recall": 0.0}}, "argument_type_metrics_per_class": {"PerpInd": {"f1": 0.48979591836734687, "precision": 0.75, "recall": 0.36363636363636365}, "PerpOrg": {"f1": 0.4, "precision": 0.6666666666666666, "recall": 0.2857142857142857}, "Target": {"f1": 0.41379310344827586, "precision": 0.5454545454545454, "recall": 0.3333333333333333}, "Victim": {"f1": 0.603174603174603, "precision": 0.6785714285714286, "recall": 0.5428571428571428}, "Weapon": {"f1": 0.6666666666666666, "precision": 0.5, "recall": 1.0}, "Triggers": {"f1": 0.6233766233766234, "precision": 0.96, "recall": 0.46153846153846156}}}