{"overall_f1": 0.46153846153846156, "overall_precision": 0.7575757575757576, "overall_recall": 0.33185840707964603, "event_type_f1": 0.5669291338582677, "event_type_precision": 0.9473684210526315, "event_type_recall": 0.4044943820224719, "argument_f1": 0.3939393939393939, "argument_precision": 0.5571428571428572, "argument_recall": 0.3046875, "event_type_metrics_per_class": {"attack": {"f1": 0.6238532110091743, "precision": 0.9714285714285714, "recall": 0.4594594594594595}, "bombing": {"f1": 0.0, "precision": 0.0, "recall": 0.0}, "kidnapping": {"f1": 0.5714285714285715, "precision": 1.0, "recall": 0.4}, "arson": {"f1": 0.0, "precision": 0.0, "recall": 0.0}, "forced work stoppage": {"f1": 0.0, "precision": 0.0, "recall": 0.0}, "robbery": {"f1": 0.0, "precision": 0.0, "recall": 0.0}}, "argument_type_metrics_per_class": {"PerpInd": {"f1": 0.3137254901960784, "precision": 0.5714285714285714, "recall": 0.21621621621621623}, "PerpOrg": {"f1": 0.3111111111111111, "precision": 0.6363636363636364, "recall": 0.20588235294117646}, "Target": {"f1": 0.09999999999999999, "precision": 0.5, "recall": 0.05555555555555555}, "Victim": {"f1": 0.5714285714285715, "precision": 0.55, "recall": 0.5945945945945946}, "Weapon": {"f1": 0.4, "precision": 0.3333333333333333, "recall": 0.5}, "Triggers": {"f1": 0.4, "precision": 0.8648648648648649, "recall": 0.2601626016260163}}}