{"overall_f1": 0.14516129032258066, "overall_precision": 0.4090909090909091, "overall_recall": 0.08823529411764706, "event_type_f1": 0.25, "event_type_precision": 1.0, "event_type_recall": 0.14285714285714285, "argument_f1": 0.10869565217391304, "argument_precision": 0.4166666666666667, "argument_recall": 0.0625, "event_type_metrics_per_class": {"attack": {"f1": 0.3157894736842105, "precision": 1.0, "recall": 0.1875}, "bombing": {"f1": 0.19999999999999998, "precision": 1.0, "recall": 0.1111111111111111}, "kidnapping": {"f1": 0.0, "precision": 0.0, "recall": 0.0}, "arson": {"f1": 0.0, "precision": 0.0, "recall": 0.0}, "forced work stoppage": {"f1": 0.0, "precision": 0.0, "recall": 0.0}, "robbery": {"f1": 0.0, "precision": 0.0, "recall": 0.0}}, "argument_type_metrics_per_class": {"PerpInd": {"f1": 0.10526315789473684, "precision": 0.5, "recall": 0.058823529411764705}, "PerpOrg": {"f1": 0.0, "precision": 0.0, "recall": 0.0}, "Target": {"f1": 0.2222222222222222, "precision": 0.4444444444444444, "recall": 0.14814814814814814}, "Victim": {"f1": 0.0, "precision": 0.0, "recall": 0.0}, "Weapon": {"f1": 0.0, "precision": 0.0, "recall": 0.0}, "Triggers": {"f1": 0.0, "precision": 0.0, "recall": 0.0}}}