{"overall_f1": 0.5852842809364549, "overall_precision": 0.5591054313099042, "overall_recall": 0.6140350877192983, "event_type_f1": 0.6790123456790124, "event_type_precision": 0.6707317073170732, "event_type_recall": 0.6875, "argument_f1": 0.5504587155963303, "argument_precision": 0.6091370558375635, "argument_recall": 0.502092050209205, "event_type_metrics_per_class": {"attack": {"f1": 0.6444444444444444, "precision": 0.6744186046511628, "recall": 0.6170212765957447}, "bombing": {"f1": 0.7272727272727274, "precision": 0.6896551724137931, "recall": 0.7692307692307693}, "kidnapping": {"f1": 0.7142857142857143, "precision": 0.5555555555555556, "recall": 1.0}, "arson": {"f1": 1.0, "precision": 1.0, "recall": 1.0}, "forced work stoppage": {"f1": 0.0, "precision": 0.0, "recall": 0.0}, "robbery": {"f1": 0.0, "precision": 0.0, "recall": 0.0}}, "argument_type_metrics_per_class": {"PerpInd": {"f1": 0.4716981132075472, "precision": 0.6410256410256411, "recall": 0.373134328358209}, "PerpOrg": {"f1": 0.4727272727272728, "precision": 0.65, "recall": 0.37142857142857144}, "Target": {"f1": 0.5242718446601942, "precision": 0.5294117647058824, "recall": 0.5192307692307693}, "Victim": {"f1": 0.6605504587155963, "precision": 0.6545454545454545, "recall": 0.6666666666666666}, "Weapon": {"f1": 0.6031746031746031, "precision": 0.59375, "recall": 0.6129032258064516}, "Triggers": {"f1": 0.01234567901234568, "precision": 0.012195121951219513, "recall": 0.0125}}}