{"overall_f1": 0.5895117540687161, "overall_precision": 0.5275080906148867, "overall_recall": 0.6680327868852459, "event_type_f1": 0.8098159509202455, "event_type_precision": 0.7951807228915663, "event_type_recall": 0.825, "argument_f1": 0.49743589743589745, "argument_precision": 0.6423841059602649, "argument_recall": 0.40585774058577406, "event_type_metrics_per_class": {"attack": {"f1": 0.8314606741573034, "precision": 0.8809523809523809, "recall": 0.7872340425531915}, "bombing": {"f1": 0.7796610169491526, "precision": 0.696969696969697, "recall": 0.8846153846153846}, "kidnapping": {"f1": 0.8333333333333333, "precision": 0.7142857142857143, "recall": 1.0}, "arson": {"f1": 1.0, "precision": 1.0, "recall": 1.0}, "forced work stoppage": {"f1": 0.0, "precision": 0.0, "recall": 0.0}, "robbery": {"f1": 0.0, "precision": 0.0, "recall": 0.0}}, "argument_type_metrics_per_class": {"PerpInd": {"f1": 0.5048543689320389, "precision": 0.7222222222222222, "recall": 0.3880597014925373}, "PerpOrg": {"f1": 0.47619047619047616, "precision": 0.5357142857142857, "recall": 0.42857142857142855}, "Target": {"f1": 0.4102564102564103, "precision": 0.6153846153846154, "recall": 0.3076923076923077}, "Victim": {"f1": 0.5217391304347826, "precision": 0.631578947368421, "recall": 0.4444444444444444}, "Weapon": {"f1": 0.5925925925925926, "precision": 0.6956521739130435, "recall": 0.5161290322580645}, "Triggers": {"f1": 0.3888888888888889, "precision": 0.28, "recall": 0.6363636363636364}}}