{"overall_f1": 0.5677655677655677, "overall_precision": 0.5290102389078498, "overall_recall": 0.6126482213438735, "event_type_f1": 0.7875, "event_type_precision": 0.7875, "event_type_recall": 0.7875, "argument_f1": 0.47668393782383417, "argument_precision": 0.6258503401360545, "argument_recall": 0.38493723849372385, "event_type_metrics_per_class": {"attack": {"f1": 0.8, "precision": 0.8947368421052632, "recall": 0.723404255319149}, "bombing": {"f1": 0.7666666666666666, "precision": 0.6764705882352942, "recall": 0.8846153846153846}, "kidnapping": {"f1": 0.8333333333333333, "precision": 0.7142857142857143, "recall": 1.0}, "arson": {"f1": 1.0, "precision": 1.0, "recall": 1.0}, "forced work stoppage": {"f1": 0.0, "precision": 0.0, "recall": 0.0}, "robbery": {"f1": 0.0, "precision": 0.0, "recall": 0.0}}, "argument_type_metrics_per_class": {"PerpInd": {"f1": 0.45544554455445535, "precision": 0.6764705882352942, "recall": 0.34328358208955223}, "PerpOrg": {"f1": 0.5396825396825397, "precision": 0.6071428571428571, "recall": 0.4857142857142857}, "Target": {"f1": 0.3896103896103896, "precision": 0.6, "recall": 0.28846153846153844}, "Victim": {"f1": 0.46808510638297873, "precision": 0.55, "recall": 0.4074074074074074}, "Weapon": {"f1": 0.5882352941176471, "precision": 0.75, "recall": 0.4838709677419355}, "Triggers": {"f1": 0.34285714285714286, "precision": 0.25, "recall": 0.5454545454545454}}}