{"overall_f1": 0.5176056338028169, "overall_precision": 0.4537037037037037, "overall_recall": 0.6024590163934426, "event_type_f1": 0.686046511627907, "event_type_precision": 0.6413043478260869, "event_type_recall": 0.7375, "argument_f1": 0.4444444444444445, "argument_precision": 0.5605095541401274, "argument_recall": 0.3682008368200837, "event_type_metrics_per_class": {"attack": {"f1": 0.6545454545454545, "precision": 0.5714285714285714, "recall": 0.7659574468085106}, "bombing": {"f1": 0.7555555555555555, "precision": 0.8947368421052632, "recall": 0.6538461538461539}, "kidnapping": {"f1": 0.7692307692307693, "precision": 0.625, "recall": 1.0}, "arson": {"f1": 0.6666666666666666, "precision": 0.5, "recall": 1.0}, "forced work stoppage": {"f1": 0.0, "precision": 0.0, "recall": 0.0}, "robbery": {"f1": 0.0, "precision": 0.0, "recall": 0.0}}, "argument_type_metrics_per_class": {"PerpInd": {"f1": 0.44859813084112143, "precision": 0.6, "recall": 0.3582089552238806}, "PerpOrg": {"f1": 0.40625, "precision": 0.4482758620689655, "recall": 0.37142857142857144}, "Target": {"f1": 0.30379746835443033, "precision": 0.4444444444444444, "recall": 0.23076923076923078}, "Victim": {"f1": 0.6095238095238096, "precision": 0.6274509803921569, "recall": 0.5925925925925926}, "Weapon": {"f1": 0.3414634146341463, "precision": 0.7, "recall": 0.22580645161290322}, "Triggers": {"f1": 0.24000000000000002, "precision": 0.15384615384615385, "recall": 0.5454545454545454}}}