{"overall_f1": 0.5116279069767442, "overall_precision": 0.4847457627118644, "overall_recall": 0.5416666666666666, "event_type_f1": 0.6125, "event_type_precision": 0.6125, "event_type_recall": 0.6125, "argument_f1": 0.4711779448621554, "argument_precision": 0.5875, "argument_recall": 0.39330543933054396, "event_type_metrics_per_class": {"attack": {"f1": 0.5227272727272727, "precision": 0.5609756097560976, "recall": 0.48936170212765956}, "bombing": {"f1": 0.7636363636363636, "precision": 0.7241379310344828, "recall": 0.8076923076923077}, "kidnapping": {"f1": 0.5714285714285714, "precision": 0.4444444444444444, "recall": 0.8}, "arson": {"f1": 1.0, "precision": 1.0, "recall": 1.0}, "forced work stoppage": {"f1": 0.0, "precision": 0.0, "recall": 0.0}, "robbery": {"f1": 0.0, "precision": 0.0, "recall": 0.0}}, "argument_type_metrics_per_class": {"PerpInd": {"f1": 0.38775510204081626, "precision": 0.6129032258064516, "recall": 0.2835820895522388}, "PerpOrg": {"f1": 0.4528301886792453, "precision": 0.6666666666666666, "recall": 0.34285714285714286}, "Target": {"f1": 0.44943820224719105, "precision": 0.5405405405405406, "recall": 0.38461538461538464}, "Victim": {"f1": 0.5471698113207548, "precision": 0.5576923076923077, "recall": 0.5370370370370371}, "Weapon": {"f1": 0.5283018867924528, "precision": 0.6363636363636364, "recall": 0.45161290322580644}, "Triggers": {"f1": 0.13043478260869562, "precision": 0.08571428571428572, "recall": 0.2727272727272727}}}