{"overall_f1": 0.3822393822393822, "overall_precision": 0.47368421052631576, "overall_recall": 0.32038834951456313, "event_type_f1": 0.5625000000000001, "event_type_precision": 0.8571428571428571, "event_type_recall": 0.4186046511627907, "argument_f1": 0.3230769230769231, "argument_precision": 0.6116504854368932, "argument_recall": 0.21951219512195122, "event_type_metrics_per_class": {"attack": {"f1": 0.5499999999999999, "precision": 0.9565217391304348, "recall": 0.38596491228070173}, "bombing": {"f1": 0.6470588235294117, "precision": 0.7333333333333333, "recall": 0.5789473684210527}, "kidnapping": {"f1": 0.4444444444444445, "precision": 1.0, "recall": 0.2857142857142857}, "arson": {"f1": 0.5, "precision": 0.5, "recall": 0.5}, "forced work stoppage": {"f1": 0.0, "precision": 0.0, "recall": 0.0}, "robbery": {"f1": 0.0, "precision": 0.0, "recall": 0.0}}, "argument_type_metrics_per_class": {"PerpInd": {"f1": 0.2680412371134021, "precision": 0.5652173913043478, "recall": 0.17567567567567569}, "PerpOrg": {"f1": 0.11428571428571427, "precision": 0.5714285714285714, "recall": 0.06349206349206349}, "Target": {"f1": 0.4029850746268657, "precision": 0.5869565217391305, "recall": 0.3068181818181818}, "Victim": {"f1": 0.5384615384615384, "precision": 0.7777777777777778, "recall": 0.4117647058823529}, "Weapon": {"f1": 0.2702702702702703, "precision": 0.5555555555555556, "recall": 0.17857142857142858}, "Triggers": {"f1": 0.03125, "precision": 0.047619047619047616, "recall": 0.023255813953488372}}}