{"overall_f1": 0.6541353383458648, "overall_precision": 0.5838926174496645, "overall_recall": 0.7435897435897436, "event_type_f1": 0.7948717948717949, "event_type_precision": 0.7380952380952381, "event_type_recall": 0.8611111111111112, "argument_f1": 0.5957446808510638, "argument_precision": 0.6436781609195402, "argument_recall": 0.5544554455445545, "event_type_metrics_per_class": {"attack": {"f1": 0.8235294117647058, "precision": 0.7368421052631579, "recall": 0.9333333333333333}, "bombing": {"f1": 0.8571428571428572, "precision": 0.7894736842105263, "recall": 0.9375}, "kidnapping": {"f1": 0.4, "precision": 0.3333333333333333, "recall": 0.5}, "arson": {"f1": 1.0, "precision": 1.0, "recall": 1.0}, "forced work stoppage": {"f1": 0.0, "precision": 0.0, "recall": 0.0}, "robbery": {"f1": 0.0, "precision": 0.0, "recall": 0.0}}, "argument_type_metrics_per_class": {"PerpInd": {"f1": 0.5531914893617021, "precision": 0.5652173913043478, "recall": 0.5416666666666666}, "PerpOrg": {"f1": 0.75, "precision": 0.8571428571428571, "recall": 0.6666666666666666}, "Target": {"f1": 0.5098039215686274, "precision": 0.5909090909090909, "recall": 0.4482758620689655}, "Victim": {"f1": 0.6666666666666666, "precision": 0.6111111111111112, "recall": 0.7333333333333333}, "Weapon": {"f1": 0.56, "precision": 0.7, "recall": 0.4666666666666667}, "Triggers": {"f1": 0.7948717948717949, "precision": 0.7380952380952381, "recall": 0.8611111111111112}}}