{"overall_f1": 0.5629629629629629, "overall_precision": 0.49032258064516127, "overall_recall": 0.6608695652173913, "event_type_f1": 0.6666666666666666, "event_type_precision": 0.6190476190476191, "event_type_recall": 0.7222222222222222, "argument_f1": 0.5208333333333334, "argument_precision": 0.5494505494505495, "argument_recall": 0.49504950495049505, "event_type_metrics_per_class": {"attack": {"f1": 0.6285714285714286, "precision": 0.55, "recall": 0.7333333333333333}, "bombing": {"f1": 0.7647058823529411, "precision": 0.7222222222222222, "recall": 0.8125}, "kidnapping": {"f1": 0.8, "precision": 0.6666666666666666, "recall": 1.0}, "arson": {"f1": 0.0, "precision": 0.0, "recall": 0.0}, "forced work stoppage": {"f1": 0.0, "precision": 0.0, "recall": 0.0}, "robbery": {"f1": 0.0, "precision": 0.0, "recall": 0.0}}, "argument_type_metrics_per_class": {"PerpInd": {"f1": 0.5, "precision": 0.5, "recall": 0.5}, "PerpOrg": {"f1": 0.5806451612903226, "precision": 0.6923076923076923, "recall": 0.5}, "Target": {"f1": 0.39215686274509803, "precision": 0.45454545454545453, "recall": 0.3448275862068966}, "Victim": {"f1": 0.6285714285714286, "precision": 0.55, "recall": 0.7333333333333333}, "Weapon": {"f1": 0.5925925925925926, "precision": 0.6666666666666666, "recall": 0.5333333333333333}, "Triggers": {"f1": 0.6923076923076924, "precision": 0.6428571428571429, "recall": 0.75}}}