{"overall_f1": 0.4780876494023904, "overall_precision": 0.3973509933774834, "overall_recall": 0.6, "event_type_f1": 0.6052631578947367, "event_type_precision": 0.575, "event_type_recall": 0.6388888888888888, "argument_f1": 0.4228571428571429, "argument_precision": 0.5, "argument_recall": 0.36633663366336633, "event_type_metrics_per_class": {"attack": {"f1": 0.5625, "precision": 0.5294117647058824, "recall": 0.6}, "bombing": {"f1": 0.6666666666666665, "precision": 0.6, "recall": 0.75}, "kidnapping": {"f1": 0.5, "precision": 0.5, "recall": 0.5}, "arson": {"f1": 1.0, "precision": 1.0, "recall": 1.0}, "forced work stoppage": {"f1": 0.0, "precision": 0.0, "recall": 0.0}, "robbery": {"f1": 0.0, "precision": 0.0, "recall": 0.0}}, "argument_type_metrics_per_class": {"PerpInd": {"f1": 0.4444444444444444, "precision": 0.6666666666666666, "recall": 0.3333333333333333}, "PerpOrg": {"f1": 0.48, "precision": 0.8571428571428571, "recall": 0.3333333333333333}, "Target": {"f1": 0.375, "precision": 0.47368421052631576, "recall": 0.3103448275862069}, "Victim": {"f1": 0.3888888888888889, "precision": 0.3333333333333333, "recall": 0.4666666666666667}, "Weapon": {"f1": 0.4666666666666667, "precision": 0.4666666666666667, "recall": 0.4666666666666667}, "Triggers": {"f1": 0.6052631578947367, "precision": 0.575, "recall": 0.6388888888888888}}}