{"overall_f1": 0.6217616580310882, "overall_precision": 0.5555555555555556, "overall_recall": 0.7058823529411765, "event_type_f1": 0.8846153846153846, "event_type_precision": 1.0, "event_type_recall": 0.7931034482758621, "argument_f1": 0.5248226950354609, "argument_precision": 0.8604651162790697, "argument_recall": 0.37755102040816324, "event_type_metrics_per_class": {"attack": {"f1": 0.8, "precision": 1.0, "recall": 0.6666666666666666}, "bombing": {"f1": 1.0, "precision": 1.0, "recall": 1.0}, "kidnapping": {"f1": 1.0, "precision": 1.0, "recall": 1.0}, "arson": {"f1": 0.0, "precision": 0.0, "recall": 0.0}, "forced work stoppage": {"f1": 0.0, "precision": 0.0, "recall": 0.0}, "robbery": {"f1": 0.0, "precision": 0.0, "recall": 0.0}}, "argument_type_metrics_per_class": {"PerpInd": {"f1": 0.4102564102564103, "precision": 0.8, "recall": 0.27586206896551724}, "PerpOrg": {"f1": 0.5384615384615384, "precision": 1.0, "recall": 0.3684210526315789}, "Target": {"f1": 0.5142857142857143, "precision": 0.75, "recall": 0.391304347826087}, "Victim": {"f1": 0.7058823529411764, "precision": 1.0, "recall": 0.5454545454545454}, "Weapon": {"f1": 0.5833333333333334, "precision": 0.875, "recall": 0.4375}, "Triggers": {"f1": 0.7586206896551724, "precision": 0.9565217391304348, "recall": 0.6285714285714286}}}