{"overall_f1": 0.4566210045662101, "overall_precision": 0.5747126436781609, "overall_recall": 0.3787878787878788, "event_type_f1": 0.6037735849056604, "event_type_precision": 0.8421052631578947, "event_type_recall": 0.47058823529411764, "argument_f1": 0.4096385542168675, "argument_precision": 0.6938775510204082, "argument_recall": 0.2905982905982906, "event_type_metrics_per_class": {"attack": {"f1": 0.6666666666666665, "precision": 0.8571428571428571, "recall": 0.5454545454545454}, "bombing": {"f1": 0.5333333333333333, "precision": 0.8, "recall": 0.4}, "kidnapping": {"f1": 0.0, "precision": 0.0, "recall": 0.0}, "arson": {"f1": 0.0, "precision": 0.0, "recall": 0.0}, "forced work stoppage": {"f1": 0.0, "precision": 0.0, "recall": 0.0}, "robbery": {"f1": 0.0, "precision": 0.0, "recall": 0.0}}, "argument_type_metrics_per_class": {"PerpInd": {"f1": 0.3333333333333333, "precision": 0.6666666666666666, "recall": 0.2222222222222222}, "PerpOrg": {"f1": 0.34285714285714286, "precision": 0.6, "recall": 0.24}, "Target": {"f1": 0.3684210526315789, "precision": 0.5833333333333334, "recall": 0.2692307692307692}, "Victim": {"f1": 0.7500000000000001, "precision": 0.8181818181818182, "recall": 0.6923076923076923}, "Weapon": {"f1": 0.38095238095238093, "precision": 1.0, "recall": 0.23529411764705882}, "Triggers": {"f1": 0.5806451612903226, "precision": 0.9473684210526315, "recall": 0.4186046511627907}}}