{"overall_f1": 0.46511627906976744, "overall_precision": 0.5494505494505495, "overall_recall": 0.4032258064516129, "event_type_f1": 0.6415094339622641, "event_type_precision": 0.8947368421052632, "event_type_recall": 0.5, "argument_f1": 0.4074074074074074, "argument_precision": 0.7333333333333333, "argument_recall": 0.28205128205128205, "event_type_metrics_per_class": {"attack": {"f1": 0.5161290322580644, "precision": 0.8888888888888888, "recall": 0.36363636363636365}, "bombing": {"f1": 0.7777777777777777, "precision": 0.875, "recall": 0.7}, "kidnapping": {"f1": 1.0, "precision": 1.0, "recall": 1.0}, "arson": {"f1": 0.0, "precision": 0.0, "recall": 0.0}, "forced work stoppage": {"f1": 0.0, "precision": 0.0, "recall": 0.0}, "robbery": {"f1": 0.0, "precision": 0.0, "recall": 0.0}}, "argument_type_metrics_per_class": {"PerpInd": {"f1": 0.391304347826087, "precision": 0.9, "recall": 0.25}, "PerpOrg": {"f1": 0.1935483870967742, "precision": 0.5, "recall": 0.12}, "Target": {"f1": 0.4102564102564103, "precision": 0.6153846153846154, "recall": 0.3076923076923077}, "Victim": {"f1": 0.6363636363636364, "precision": 0.7777777777777778, "recall": 0.5384615384615384}, "Weapon": {"f1": 0.5, "precision": 0.8571428571428571, "recall": 0.35294117647058826}, "Triggers": {"f1": 0.46875, "precision": 0.7894736842105263, "recall": 0.3333333333333333}}}