{"overall_f1": 0.358974358974359, "overall_precision": 0.25, "overall_recall": 0.6363636363636364, "event_type_f1": 0.6666666666666666, "event_type_precision": 0.6666666666666666, "event_type_recall": 0.6666666666666666, "argument_f1": 0.30303030303030304, "argument_precision": 0.5555555555555556, "argument_recall": 0.20833333333333334, "event_type_metrics_per_class": {"attack": {"f1": 0.8, "precision": 0.6666666666666666, "recall": 1.0}, "bombing": {"f1": 0.0, "precision": 0.0, "recall": 0.0}, "kidnapping": {"f1": 0.0, "precision": 0.0, "recall": 0.0}, "arson": {"f1": 0.0, "precision": 0.0, "recall": 0.0}, "forced work stoppage": {"f1": 0.0, "precision": 0.0, "recall": 0.0}, "robbery": {"f1": 0.0, "precision": 0.0, "recall": 0.0}}, "argument_type_metrics_per_class": {"PerpInd": {"f1": 0.6666666666666666, "precision": 0.6666666666666666, "recall": 0.6666666666666666}, "PerpOrg": {"f1": 0.4, "precision": 1.0, "recall": 0.25}, "Target": {"f1": 0.4444444444444444, "precision": 0.6666666666666666, "recall": 0.3333333333333333}, "Victim": {"f1": 0.0, "precision": 0.0, "recall": 0.0}, "Weapon": {"f1": 0.0, "precision": 0.0, "recall": 0.0}, "Triggers": {"f1": 0.3333333333333333, "precision": 0.3333333333333333, "recall": 0.3333333333333333}}}