{"overall_f1": 0.3902439024390244, "overall_precision": 0.5333333333333333, "overall_recall": 0.3076923076923077, "event_type_f1": 0.7407407407407407, "event_type_precision": 1.0, "event_type_recall": 0.5882352941176471, "argument_f1": 0.2181818181818182, "argument_precision": 0.42857142857142855, "argument_recall": 0.14634146341463414, "event_type_metrics_per_class": {"attack": {"f1": 0.6666666666666666, "precision": 1.0, "recall": 0.5}, "bombing": {"f1": 1.0, "precision": 1.0, "recall": 1.0}, "kidnapping": {"f1": 0.0, "precision": 0.0, "recall": 0.0}, "arson": {"f1": 0.0, "precision": 0.0, "recall": 0.0}, "forced work stoppage": {"f1": 0.0, "precision": 0.0, "recall": 0.0}, "robbery": {"f1": 0.0, "precision": 0.0, "recall": 0.0}}, "argument_type_metrics_per_class": {"PerpInd": {"f1": 0.0, "precision": 0.0, "recall": 0.0}, "PerpOrg": {"f1": 0.2, "precision": 0.5, "recall": 0.125}, "Target": {"f1": 0.3, "precision": 0.75, "recall": 0.1875}, "Victim": {"f1": 0.0, "precision": 0.0, "recall": 0.0}, "Weapon": {"f1": 0.6666666666666666, "precision": 0.6666666666666666, "recall": 0.6666666666666666}, "Triggers": {"f1": 0.47058823529411764, "precision": 0.8, "recall": 0.3333333333333333}}}