{"overall_f1": 0.1680672268907563, "overall_precision": 0.6666666666666666, "overall_recall": 0.09615384615384616, "event_type_f1": 0.25, "event_type_precision": 1.0, "event_type_recall": 0.14285714285714285, "argument_f1": 0.13793103448275862, "argument_precision": 0.8571428571428571, "argument_recall": 0.075, "event_type_metrics_per_class": {"attack": {"f1": 0.2222222222222222, "precision": 1.0, "recall": 0.125}, "bombing": {"f1": 0.3636363636363636, "precision": 1.0, "recall": 0.2222222222222222}, "kidnapping": {"f1": 0.0, "precision": 0.0, "recall": 0.0}, "arson": {"f1": 0.0, "precision": 0.0, "recall": 0.0}, "forced work stoppage": {"f1": 0.0, "precision": 0.0, "recall": 0.0}, "robbery": {"f1": 0.0, "precision": 0.0, "recall": 0.0}}, "argument_type_metrics_per_class": {"PerpInd": {"f1": 0.3, "precision": 1.0, "recall": 0.17647058823529413}, "PerpOrg": {"f1": 0.0909090909090909, "precision": 1.0, "recall": 0.047619047619047616}, "Target": {"f1": 0.13333333333333333, "precision": 0.6666666666666666, "recall": 0.07407407407407407}, "Victim": {"f1": 0.0, "precision": 0.0, "recall": 0.0}, "Weapon": {"f1": 0.0, "precision": 0.0, "recall": 0.0}, "Triggers": {"f1": 0.163265306122449, "precision": 1.0, "recall": 0.08888888888888889}}}