{"overall_f1": 0.17054263565891473, "overall_precision": 0.34375, "overall_recall": 0.1134020618556701, "event_type_f1": 0.2285714285714286, "event_type_precision": 0.5714285714285714, "event_type_recall": 0.14285714285714285, "argument_f1": 0.14893617021276595, "argument_precision": 0.5, "argument_recall": 0.0875, "event_type_metrics_per_class": {"attack": {"f1": 0.11764705882352941, "precision": 1.0, "recall": 0.0625}, "bombing": {"f1": 0.30769230769230765, "precision": 0.5, "recall": 0.2222222222222222}, "kidnapping": {"f1": 0.5, "precision": 0.5, "recall": 0.5}, "arson": {"f1": 0.0, "precision": 0.0, "recall": 0.0}, "forced work stoppage": {"f1": 0.0, "precision": 0.0, "recall": 0.0}, "robbery": {"f1": 0.0, "precision": 0.0, "recall": 0.0}}, "argument_type_metrics_per_class": {"PerpInd": {"f1": 0.10526315789473684, "precision": 0.5, "recall": 0.058823529411764705}, "PerpOrg": {"f1": 0.0, "precision": 0.0, "recall": 0.0}, "Target": {"f1": 0.3333333333333333, "precision": 0.6666666666666666, "recall": 0.2222222222222222}, "Victim": {"f1": 0.0, "precision": 0.0, "recall": 0.0}, "Weapon": {"f1": 0.0, "precision": 0.0, "recall": 0.0}, "Triggers": {"f1": 0.24489795918367344, "precision": 0.8571428571428571, "recall": 0.14285714285714285}}}