{"overall_f1": 0.5454545454545455, "overall_precision": 0.5294117647058824, "overall_recall": 0.5625, "event_type_f1": 0.4615384615384615, "event_type_precision": 0.5, "event_type_recall": 0.42857142857142855, "argument_f1": 0.6, "argument_precision": 0.6666666666666666, "argument_recall": 0.5454545454545454, "event_type_metrics_per_class": {"attack": {"f1": 0.6666666666666666, "precision": 0.6666666666666666, "recall": 0.6666666666666666}, "bombing": {"f1": 0.6666666666666666, "precision": 0.5, "recall": 1.0}, "kidnapping": {"f1": 0.0, "precision": 0.0, "recall": 0.0}, "arson": {"f1": 0.0, "precision": 0.0, "recall": 0.0}, "forced work stoppage": {"f1": 0.0, "precision": 0.0, "recall": 0.0}, "robbery": {"f1": 0.0, "precision": 0.0, "recall": 0.0}}, "argument_type_metrics_per_class": {"PerpInd": {"f1": 0.5, "precision": 0.5, "recall": 0.5}, "PerpOrg": {"f1": 0.6666666666666665, "precision": 0.75, "recall": 0.6}, "Target": {"f1": 0.0, "precision": 0.0, "recall": 0.0}, "Victim": {"f1": 0.0, "precision": 0.0, "recall": 0.0}, "Weapon": {"f1": 1.0, "precision": 1.0, "recall": 1.0}, "Triggers": {"f1": 0.4615384615384615, "precision": 0.5, "recall": 0.42857142857142855}}}