{"overall_f1": 0.6556603773584906, "overall_precision": 0.7554347826086957, "overall_recall": 0.5791666666666667, "event_type_f1": 0.8641975308641975, "event_type_precision": 0.958904109589041, "event_type_recall": 0.7865168539325843, "argument_f1": 0.5267175572519084, "argument_precision": 0.5149253731343284, "argument_recall": 0.5390625, "event_type_metrics_per_class": {"attack": {"f1": 0.888888888888889, "precision": 0.9836065573770492, "recall": 0.8108108108108109}, "bombing": {"f1": 0.923076923076923, "precision": 0.8571428571428571, "recall": 1.0}, "kidnapping": {"f1": 0.8000000000000002, "precision": 0.8, "recall": 0.8}, "arson": {"f1": 0.0, "precision": 0.0, "recall": 0.0}, "forced work stoppage": {"f1": 0.0, "precision": 0.0, "recall": 0.0}, "robbery": {"f1": 0.0, "precision": 0.0, "recall": 0.0}}, "argument_type_metrics_per_class": {"PerpInd": {"f1": 0.5555555555555556, "precision": 0.5714285714285714, "recall": 0.5405405405405406}, "PerpOrg": {"f1": 0.5161290322580646, "precision": 0.5714285714285714, "recall": 0.47058823529411764}, "Target": {"f1": 0.34285714285714286, "precision": 0.35294117647058826, "recall": 0.3333333333333333}, "Victim": {"f1": 0.5747126436781609, "precision": 0.5, "recall": 0.6756756756756757}, "Weapon": {"f1": 0.6666666666666666, "precision": 0.5, "recall": 1.0}, "Triggers": {"f1": 0.7407407407407406, "precision": 0.821917808219178, "recall": 0.6741573033707865}}}