{"overall_f1": 0.6548672566371682, "overall_precision": 0.6016260162601627, "overall_recall": 0.7184466019417476, "event_type_f1": 0.9, "event_type_precision": 1.0, "event_type_recall": 0.8181818181818182, "argument_f1": 0.5662650602409638, "argument_precision": 0.8545454545454545, "argument_recall": 0.42342342342342343, "event_type_metrics_per_class": {"attack": {"f1": 0.8571428571428571, "precision": 1.0, "recall": 0.75}, "bombing": {"f1": 0.9473684210526316, "precision": 1.0, "recall": 0.9}, "kidnapping": {"f1": 0.888888888888889, "precision": 1.0, "recall": 0.8}, "arson": {"f1": 1.0, "precision": 1.0, "recall": 1.0}, "forced work stoppage": {"f1": 0.0, "precision": 0.0, "recall": 0.0}, "robbery": {"f1": 0.0, "precision": 0.0, "recall": 0.0}}, "argument_type_metrics_per_class": {"PerpInd": {"f1": 0.5238095238095237, "precision": 0.7857142857142857, "recall": 0.39285714285714285}, "PerpOrg": {"f1": 0.6249999999999999, "precision": 0.9090909090909091, "recall": 0.47619047619047616}, "Target": {"f1": 0.4285714285714286, "precision": 0.8181818181818182, "recall": 0.2903225806451613}, "Victim": {"f1": 0.6896551724137931, "precision": 0.8333333333333334, "recall": 0.5882352941176471}, "Weapon": {"f1": 0.6666666666666666, "precision": 1.0, "recall": 0.5}, "Triggers": {"f1": 0.782608695652174, "precision": 1.0, "recall": 0.6428571428571429}}}