{"overall_f1": 0.5145228215767634, "overall_precision": 0.6019417475728155, "overall_recall": 0.4492753623188406, "event_type_f1": 0.5862068965517241, "event_type_precision": 0.7391304347826086, "event_type_recall": 0.4857142857142857, "argument_f1": 0.4918032786885245, "argument_precision": 0.7258064516129032, "argument_recall": 0.371900826446281, "event_type_metrics_per_class": {"attack": {"f1": 0.4800000000000001, "precision": 0.6666666666666666, "recall": 0.375}, "bombing": {"f1": 0.6956521739130435, "precision": 0.7272727272727273, "recall": 0.6666666666666666}, "kidnapping": {"f1": 0.5714285714285715, "precision": 1.0, "recall": 0.4}, "arson": {"f1": 0.6666666666666666, "precision": 1.0, "recall": 0.5}, "forced work stoppage": {"f1": 0.0, "precision": 0.0, "recall": 0.0}, "robbery": {"f1": 0.0, "precision": 0.0, "recall": 0.0}}, "argument_type_metrics_per_class": {"PerpInd": {"f1": 0.36363636363636365, "precision": 0.6153846153846154, "recall": 0.25806451612903225}, "PerpOrg": {"f1": 0.5161290322580645, "precision": 1.0, "recall": 0.34782608695652173}, "Target": {"f1": 0.5, "precision": 0.6842105263157895, "recall": 0.3939393939393939}, "Victim": {"f1": 0.5714285714285714, "precision": 0.7272727272727273, "recall": 0.47058823529411764}, "Weapon": {"f1": 0.5714285714285714, "precision": 0.7272727272727273, "recall": 0.47058823529411764}, "Triggers": {"f1": 0.6249999999999999, "precision": 0.9090909090909091, "recall": 0.47619047619047616}}}