{"overall_f1": 0.5555555555555557, "overall_precision": 0.5803571428571429, "overall_recall": 0.5327868852459017, "event_type_f1": 0.7586206896551724, "event_type_precision": 0.9565217391304348, "event_type_recall": 0.6285714285714286, "argument_f1": 0.48863636363636365, "argument_precision": 0.7818181818181819, "argument_recall": 0.35537190082644626, "event_type_metrics_per_class": {"attack": {"f1": 0.6086956521739131, "precision": 1.0, "recall": 0.4375}, "bombing": {"f1": 0.9166666666666666, "precision": 0.9166666666666666, "recall": 0.9166666666666666}, "kidnapping": {"f1": 0.7499999999999999, "precision": 1.0, "recall": 0.6}, "arson": {"f1": 0.6666666666666666, "precision": 1.0, "recall": 0.5}, "forced work stoppage": {"f1": 0.0, "precision": 0.0, "recall": 0.0}, "robbery": {"f1": 0.0, "precision": 0.0, "recall": 0.0}}, "argument_type_metrics_per_class": {"PerpInd": {"f1": 0.5238095238095238, "precision": 1.0, "recall": 0.3548387096774194}, "PerpOrg": {"f1": 0.27586206896551724, "precision": 0.6666666666666666, "recall": 0.17391304347826086}, "Target": {"f1": 0.5, "precision": 0.6086956521739131, "recall": 0.42424242424242425}, "Victim": {"f1": 0.5, "precision": 0.8571428571428571, "recall": 0.35294117647058826}, "Weapon": {"f1": 0.6399999999999999, "precision": 1.0, "recall": 0.47058823529411764}, "Triggers": {"f1": 0.5806451612903225, "precision": 0.8571428571428571, "recall": 0.43902439024390244}}}