{"overall_f1": 0.5384615384615384, "overall_precision": 0.5, "overall_recall": 0.5833333333333334, "event_type_f1": 0.8627450980392156, "event_type_precision": 1.0, "event_type_recall": 0.7586206896551724, "argument_f1": 0.43312101910828016, "argument_precision": 0.7555555555555555, "argument_recall": 0.30357142857142855, "event_type_metrics_per_class": {"attack": {"f1": 0.8275862068965517, "precision": 1.0, "recall": 0.7058823529411765}, "bombing": {"f1": 0.9090909090909091, "precision": 1.0, "recall": 0.8333333333333334}, "kidnapping": {"f1": 0.0, "precision": 0.0, "recall": 0.0}, "arson": {"f1": 0.0, "precision": 0.0, "recall": 0.0}, "forced work stoppage": {"f1": 0.0, "precision": 0.0, "recall": 0.0}, "robbery": {"f1": 0.0, "precision": 0.0, "recall": 0.0}}, "argument_type_metrics_per_class": {"PerpInd": {"f1": 0.1176470588235294, "precision": 0.4, "recall": 0.06896551724137931}, "PerpOrg": {"f1": 0.4166666666666667, "precision": 0.625, "recall": 0.3125}, "Target": {"f1": 0.5957446808510638, "precision": 0.8235294117647058, "recall": 0.4666666666666667}, "Victim": {"f1": 0.42857142857142855, "precision": 0.8571428571428571, "recall": 0.2857142857142857}, "Weapon": {"f1": 0.5833333333333334, "precision": 0.875, "recall": 0.4375}, "Triggers": {"f1": 0.711864406779661, "precision": 0.9545454545454546, "recall": 0.5675675675675675}}}