{"overall_f1": 0.3025210084033613, "overall_precision": 0.4090909090909091, "overall_recall": 0.24, "event_type_f1": 0.5882352941176471, "event_type_precision": 1.0, "event_type_recall": 0.4166666666666667, "argument_f1": 0.22459893048128343, "argument_precision": 0.4772727272727273, "argument_recall": 0.14685314685314685, "event_type_metrics_per_class": {"attack": {"f1": 0.5806451612903226, "precision": 1.0, "recall": 0.4090909090909091}, "bombing": {"f1": 0.5882352941176471, "precision": 1.0, "recall": 0.4166666666666667}, "kidnapping": {"f1": 0.0, "precision": 0.0, "recall": 0.0}, "arson": {"f1": 1.0, "precision": 1.0, "recall": 1.0}, "forced work stoppage": {"f1": 0.0, "precision": 0.0, "recall": 0.0}, "robbery": {"f1": 0.0, "precision": 0.0, "recall": 0.0}}, "argument_type_metrics_per_class": {"PerpInd": {"f1": 0.163265306122449, "precision": 0.4444444444444444, "recall": 0.1}, "PerpOrg": {"f1": 0.21621621621621623, "precision": 0.4444444444444444, "recall": 0.14285714285714285}, "Target": {"f1": 0.16666666666666666, "precision": 0.3076923076923077, "recall": 0.11428571428571428}, "Victim": {"f1": 0.37500000000000006, "precision": 0.6666666666666666, "recall": 0.2608695652173913}, "Weapon": {"f1": 0.2857142857142857, "precision": 0.75, "recall": 0.17647058823529413}, "Triggers": {"f1": 0.31578947368421056, "precision": 0.8, "recall": 0.19672131147540983}}}