{"overall_f1": 0.5223880597014926, "overall_precision": 0.5072463768115942, "overall_recall": 0.5384615384615384, "event_type_f1": 0.7741935483870968, "event_type_precision": 0.9230769230769231, "event_type_recall": 0.6666666666666666, "argument_f1": 0.44660194174757273, "argument_precision": 0.7301587301587301, "argument_recall": 0.32167832167832167, "event_type_metrics_per_class": {"attack": {"f1": 0.8108108108108109, "precision": 1.0, "recall": 0.6818181818181818}, "bombing": {"f1": 0.761904761904762, "precision": 0.8888888888888888, "recall": 0.6666666666666666}, "kidnapping": {"f1": 0.0, "precision": 0.0, "recall": 0.0}, "arson": {"f1": 0.6666666666666666, "precision": 0.5, "recall": 1.0}, "forced work stoppage": {"f1": 0.0, "precision": 0.0, "recall": 0.0}, "robbery": {"f1": 0.0, "precision": 0.0, "recall": 0.0}}, "argument_type_metrics_per_class": {"PerpInd": {"f1": 0.2352941176470588, "precision": 0.5454545454545454, "recall": 0.15}, "PerpOrg": {"f1": 0.25, "precision": 1.0, "recall": 0.14285714285714285}, "Target": {"f1": 0.5, "precision": 0.6666666666666666, "recall": 0.4}, "Victim": {"f1": 0.7906976744186046, "precision": 0.85, "recall": 0.7391304347826086}, "Weapon": {"f1": 0.4166666666666667, "precision": 0.7142857142857143, "recall": 0.29411764705882354}, "Triggers": {"f1": 0.5599999999999999, "precision": 0.84, "recall": 0.42}}}