{"overall_f1": 0.6186440677966102, "overall_precision": 0.5367647058823529, "overall_recall": 0.73, "event_type_f1": 0.9375, "event_type_precision": 1.0, "event_type_recall": 0.8823529411764706, "argument_f1": 0.5000000000000001, "argument_precision": 0.7818181818181819, "argument_recall": 0.36752136752136755, "event_type_metrics_per_class": {"attack": {"f1": 0.9268292682926829, "precision": 1.0, "recall": 0.8636363636363636}, "bombing": {"f1": 0.9473684210526316, "precision": 1.0, "recall": 0.9}, "kidnapping": {"f1": 1.0, "precision": 1.0, "recall": 1.0}, "arson": {"f1": 0.0, "precision": 0.0, "recall": 0.0}, "forced work stoppage": {"f1": 0.0, "precision": 0.0, "recall": 0.0}, "robbery": {"f1": 0.0, "precision": 0.0, "recall": 0.0}}, "argument_type_metrics_per_class": {"PerpInd": {"f1": 0.43999999999999995, "precision": 0.7857142857142857, "recall": 0.3055555555555556}, "PerpOrg": {"f1": 0.5789473684210525, "precision": 0.8461538461538461, "recall": 0.44}, "Target": {"f1": 0.411764705882353, "precision": 0.875, "recall": 0.2692307692307692}, "Victim": {"f1": 0.5599999999999999, "precision": 0.5833333333333334, "recall": 0.5384615384615384}, "Weapon": {"f1": 0.56, "precision": 0.875, "recall": 0.4117647058823529}, "Triggers": {"f1": 0.25, "precision": 0.25, "recall": 0.25}}}