{"overall_f1": 0.6396761133603239, "overall_precision": 0.5939849624060151, "overall_recall": 0.6929824561403509, "event_type_f1": 0.9206349206349206, "event_type_precision": 1.0, "event_type_recall": 0.8529411764705882, "argument_f1": 0.5434782608695653, "argument_precision": 0.746268656716418, "argument_recall": 0.42735042735042733, "event_type_metrics_per_class": {"attack": {"f1": 0.9, "precision": 1.0, "recall": 0.8181818181818182}, "bombing": {"f1": 0.9473684210526316, "precision": 1.0, "recall": 0.9}, "kidnapping": {"f1": 1.0, "precision": 1.0, "recall": 1.0}, "arson": {"f1": 0.0, "precision": 0.0, "recall": 0.0}, "forced work stoppage": {"f1": 0.0, "precision": 0.0, "recall": 0.0}, "robbery": {"f1": 0.0, "precision": 0.0, "recall": 0.0}}, "argument_type_metrics_per_class": {"PerpInd": {"f1": 0.5714285714285714, "precision": 0.8, "recall": 0.4444444444444444}, "PerpOrg": {"f1": 0.45, "precision": 0.6, "recall": 0.36}, "Target": {"f1": 0.4444444444444444, "precision": 0.8, "recall": 0.3076923076923077}, "Victim": {"f1": 0.64, "precision": 0.6666666666666666, "recall": 0.6153846153846154}, "Weapon": {"f1": 0.6666666666666667, "precision": 0.9, "recall": 0.5294117647058824}, "Triggers": {"f1": 0.25, "precision": 0.25, "recall": 0.25}}}