{"overall_f1": 0.4020100502512563, "overall_precision": 0.449438202247191, "overall_recall": 0.36363636363636365, "event_type_f1": 0.7407407407407407, "event_type_precision": 1.0, "event_type_recall": 0.5882352941176471, "argument_f1": 0.2758620689655173, "argument_precision": 0.7142857142857143, "argument_recall": 0.17094017094017094, "event_type_metrics_per_class": {"attack": {"f1": 0.7428571428571429, "precision": 1.0, "recall": 0.5909090909090909}, "bombing": {"f1": 0.7499999999999999, "precision": 1.0, "recall": 0.6}, "kidnapping": {"f1": 0.6666666666666666, "precision": 1.0, "recall": 0.5}, "arson": {"f1": 0.0, "precision": 0.0, "recall": 0.0}, "forced work stoppage": {"f1": 0.0, "precision": 0.0, "recall": 0.0}, "robbery": {"f1": 0.0, "precision": 0.0, "recall": 0.0}}, "argument_type_metrics_per_class": {"PerpInd": {"f1": 0.3111111111111111, "precision": 0.7777777777777778, "recall": 0.19444444444444445}, "PerpOrg": {"f1": 0.28571428571428575, "precision": 0.5, "recall": 0.2}, "Target": {"f1": 0.07407407407407407, "precision": 1.0, "recall": 0.038461538461538464}, "Victim": {"f1": 0.6, "precision": 0.8571428571428571, "recall": 0.46153846153846156}, "Weapon": {"f1": 0.1111111111111111, "precision": 1.0, "recall": 0.058823529411764705}, "Triggers": {"f1": 0.0, "precision": 0.0, "recall": 0.0}}}