{"overall_f1": 0.4672897196261682, "overall_precision": 0.5617977528089888, "overall_recall": 0.4, "event_type_f1": 0.6538461538461539, "event_type_precision": 0.9444444444444444, "event_type_recall": 0.5, "argument_f1": 0.4074074074074074, "argument_precision": 0.7333333333333333, "argument_recall": 0.28205128205128205, "event_type_metrics_per_class": {"attack": {"f1": 0.4827586206896552, "precision": 1.0, "recall": 0.3181818181818182}, "bombing": {"f1": 0.8421052631578948, "precision": 0.8888888888888888, "recall": 0.8}, "kidnapping": {"f1": 1.0, "precision": 1.0, "recall": 1.0}, "arson": {"f1": 0.0, "precision": 0.0, "recall": 0.0}, "forced work stoppage": {"f1": 0.0, "precision": 0.0, "recall": 0.0}, "robbery": {"f1": 0.0, "precision": 0.0, "recall": 0.0}}, "argument_type_metrics_per_class": {"PerpInd": {"f1": 0.27272727272727276, "precision": 0.75, "recall": 0.16666666666666666}, "PerpOrg": {"f1": 0.26666666666666666, "precision": 0.8, "recall": 0.16}, "Target": {"f1": 0.46511627906976744, "precision": 0.5882352941176471, "recall": 0.38461538461538464}, "Victim": {"f1": 0.7272727272727274, "precision": 0.8888888888888888, "recall": 0.6153846153846154}, "Weapon": {"f1": 0.4347826086956522, "precision": 0.8333333333333334, "recall": 0.29411764705882354}, "Triggers": {"f1": 0.0, "precision": 0.0, "recall": 0.0}}}