{"overall_f1": 0.6229508196721313, "overall_precision": 0.6333333333333333, "overall_recall": 0.6129032258064516, "event_type_f1": 0.7368421052631579, "event_type_precision": 1.0, "event_type_recall": 0.5833333333333334, "argument_f1": 0.5714285714285714, "argument_precision": 0.75, "argument_recall": 0.46153846153846156, "event_type_metrics_per_class": {"attack": {"f1": 0.7142857142857143, "precision": 1.0, "recall": 0.5555555555555556}, "bombing": {"f1": 0.6666666666666666, "precision": 1.0, "recall": 0.5}, "kidnapping": {"f1": 1.0, "precision": 1.0, "recall": 1.0}, "arson": {"f1": 0.0, "precision": 0.0, "recall": 0.0}, "forced work stoppage": {"f1": 0.0, "precision": 0.0, "recall": 0.0}, "robbery": {"f1": 0.0, "precision": 0.0, "recall": 0.0}}, "argument_type_metrics_per_class": {"PerpInd": {"f1": 0.3333333333333333, "precision": 0.5, "recall": 0.25}, "PerpOrg": {"f1": 0.7272727272727272, "precision": 0.8, "recall": 0.6666666666666666}, "Target": {"f1": 0.0, "precision": 0.0, "recall": 0.0}, "Victim": {"f1": 0.7999999999999999, "precision": 0.8571428571428571, "recall": 0.75}, "Weapon": {"f1": 0.0, "precision": 0.0, "recall": 0.0}, "Triggers": {"f1": 0.0, "precision": 0.0, "recall": 0.0}}}