{"overall_f1": 0.5862068965517241, "overall_precision": 0.5666666666666667, "overall_recall": 0.6071428571428571, "event_type_f1": 0.7368421052631579, "event_type_precision": 1.0, "event_type_recall": 0.5833333333333334, "argument_f1": 0.5128205128205128, "argument_precision": 0.7692307692307693, "argument_recall": 0.38461538461538464, "event_type_metrics_per_class": {"attack": {"f1": 0.6153846153846153, "precision": 1.0, "recall": 0.4444444444444444}, "bombing": {"f1": 1.0, "precision": 1.0, "recall": 1.0}, "kidnapping": {"f1": 1.0, "precision": 1.0, "recall": 1.0}, "arson": {"f1": 0.0, "precision": 0.0, "recall": 0.0}, "forced work stoppage": {"f1": 0.0, "precision": 0.0, "recall": 0.0}, "robbery": {"f1": 0.0, "precision": 0.0, "recall": 0.0}}, "argument_type_metrics_per_class": {"PerpInd": {"f1": 0.3333333333333333, "precision": 0.5, "recall": 0.25}, "PerpOrg": {"f1": 0.2857142857142857, "precision": 1.0, "recall": 0.16666666666666666}, "Target": {"f1": 0.0, "precision": 0.0, "recall": 0.0}, "Victim": {"f1": 0.875, "precision": 0.875, "recall": 0.875}, "Weapon": {"f1": 0.0, "precision": 0.0, "recall": 0.0}, "Triggers": {"f1": 0.0, "precision": 0.0, "recall": 0.0}}}