{"overall_f1": 0.26666666666666666, "overall_precision": 0.8571428571428571, "overall_recall": 0.15789473684210525, "event_type_f1": 0.2857142857142857, "event_type_precision": 1.0, "event_type_recall": 0.16666666666666666, "argument_f1": 0.25806451612903225, "argument_precision": 0.8, "argument_recall": 0.15384615384615385, "event_type_metrics_per_class": {"attack": {"f1": 0.19999999999999998, "precision": 1.0, "recall": 0.1111111111111111}, "bombing": {"f1": 0.0, "precision": 0.0, "recall": 0.0}, "kidnapping": {"f1": 1.0, "precision": 1.0, "recall": 1.0}, "arson": {"f1": 0.0, "precision": 0.0, "recall": 0.0}, "forced work stoppage": {"f1": 0.0, "precision": 0.0, "recall": 0.0}, "robbery": {"f1": 0.0, "precision": 0.0, "recall": 0.0}}, "argument_type_metrics_per_class": {"PerpInd": {"f1": 0.36363636363636365, "precision": 0.6666666666666666, "recall": 0.25}, "PerpOrg": {"f1": 0.0, "precision": 0.0, "recall": 0.0}, "Target": {"f1": 0.0, "precision": 0.0, "recall": 0.0}, "Victim": {"f1": 0.4, "precision": 1.0, "recall": 0.25}, "Weapon": {"f1": 0.0, "precision": 0.0, "recall": 0.0}, "Triggers": {"f1": 0.0, "precision": 0.0, "recall": 0.0}}}