{"overall_f1": 0.43636363636363634, "overall_precision": 0.6, "overall_recall": 0.34285714285714286, "event_type_f1": 0.5882352941176471, "event_type_precision": 1.0, "event_type_recall": 0.4166666666666667, "argument_f1": 0.3684210526315789, "argument_precision": 0.5833333333333334, "argument_recall": 0.2692307692307692, "event_type_metrics_per_class": {"attack": {"f1": 0.7142857142857143, "precision": 1.0, "recall": 0.5555555555555556}, "bombing": {"f1": 0.0, "precision": 0.0, "recall": 0.0}, "kidnapping": {"f1": 0.0, "precision": 0.0, "recall": 0.0}, "arson": {"f1": 0.0, "precision": 0.0, "recall": 0.0}, "forced work stoppage": {"f1": 0.0, "precision": 0.0, "recall": 0.0}, "robbery": {"f1": 0.0, "precision": 0.0, "recall": 0.0}}, "argument_type_metrics_per_class": {"PerpInd": {"f1": 0.3333333333333333, "precision": 0.5, "recall": 0.25}, "PerpOrg": {"f1": 0.2857142857142857, "precision": 1.0, "recall": 0.16666666666666666}, "Target": {"f1": 0.0, "precision": 0.0, "recall": 0.0}, "Victim": {"f1": 0.6153846153846154, "precision": 0.8, "recall": 0.5}, "Weapon": {"f1": 0.0, "precision": 0.0, "recall": 0.0}, "Triggers": {"f1": 0.0, "precision": 0.0, "recall": 0.0}}}