{"overall_f1": 0.41531664212076586, "overall_precision": 0.49473684210526314, "overall_recall": 0.35786802030456855, "event_type_f1": 0.5826086956521739, "event_type_precision": 0.788235294117647, "event_type_recall": 0.46206896551724136, "argument_f1": 0.32962138084632514, "argument_precision": 0.6324786324786325, "argument_recall": 0.22289156626506024, "event_type_metrics_per_class": {"Life.Die": {"f1": 0.6666666666666667, "precision": 0.9230769230769231, "recall": 0.5217391304347826}, "Contact.Contact": {"f1": 0.16666666666666666, "precision": 0.16666666666666666, "recall": 0.16666666666666666}, "Life.Injure": {"f1": 0.4615384615384615, "precision": 0.6, "recall": 0.375}, "Conflict.Attack": {"f1": 0.7415730337078651, "precision": 0.9705882352941176, "recall": 0.6}, "Movement.Transportation": {"f1": 0.0, "precision": 0.0, "recall": 0.0}, "GenericCrime.GenericCrime": {"f1": 0.0, "precision": 0.0, "recall": 0.0}, "Contact.ThreatenCoerce": {"f1": 0.0, "precision": 0.0, "recall": 0.0}, "Personnel.EndPosition": {"f1": 0.0, "precision": 0.0, "recall": 0.0}, "Control.ImpedeInterfereWith": {"f1": 0.0, "precision": 0.0, "recall": 0.0}, "Justice.ArrestJailDetain": {"f1": 0.8333333333333333, "precision": 1.0, "recall": 0.7142857142857143}, "Conflict.Demonstrate": {"f1": 0.0, "precision": 0.0, "recall": 0.0}, "Contact.RequestCommand": {"f1": 0.4, "precision": 1.0, "recall": 0.25}, "Justice.ChargeIndict": {"f1": 0.75, "precision": 0.75, "recall": 0.75}, "Justice.Sentence": {"f1": 1.0, "precision": 1.0, "recall": 1.0}, "Justice.TrialHearing": {"f1": 0.6666666666666666, "precision": 1.0, "recall": 0.5}, "Medical.Intervention": {"f1": 0.0, "precision": 0.0, "recall": 0.0}, "Justice.InvestigateCrime": {"f1": 0.0, "precision": 0.0, "recall": 0.0}, "Cognitive.IdentifyCategorize": {"f1": 0.0, "precision": 0.0, "recall": 0.0}, "Cognitive.Inspection": {"f1": 0.6666666666666666, "precision": 1.0, "recall": 0.5}, "Justice.ReleaseParole": {"f1": 0.0, "precision": 0.0, "recall": 0.0}, "Disaster.DiseaseOutbreak": {"f1": 0.0, "precision": 0.0, "recall": 0.0}, "ArtifactExistence.DamageDestroyDisableDismantle": {"f1": 0.2, "precision": 0.3333333333333333, "recall": 0.14285714285714285}, "ArtifactExistence.ManufactureAssemble": {"f1": 0.0, "precision": 0.0, "recall": 0.0}, "Justice.Convict": {"f1": 0.0, "precision": 0.0, "recall": 0.0}, "Transaction.ExchangeBuySell": {"f1": 0.6153846153846153, "precision": 1.0, "recall": 0.4444444444444444}, "Cognitive.Research": {"f1": 0.0, "precision": 0.0, "recall": 0.0}, "Personnel.StartPosition": {"f1": 0.0, "precision": 0.0, "recall": 0.0}, "Disaster.Crash": {"f1": 0.0, "precision": 0.0, "recall": 0.0}, "Justice.Acquit": {"f1": 0.0, "precision": 0.0, "recall": 0.0}, "Conflict.Defeat": {"f1": 0.0, "precision": 0.0, "recall": 0.0}, "Life.Infect": {"f1": 0.0, "precision": 0.0, "recall": 0.0}, "Cognitive.TeachingTrainingLearning": {"f1": 0.0, "precision": 0.0, "recall": 0.0}, "Transaction.Donation": {"f1": 0.0, "precision": 0.0, "recall": 0.0}}, "argument_type_metrics_per_class": {"Defeated": {"f1": 0.0, "precision": 0.0, "recall": 0.0}, "Investigator": {"f1": 0.0, "precision": 0.0, "recall": 0.0}, "Killer": {"f1": 0.2222222222222222, "precision": 0.6666666666666666, "recall": 0.13333333333333333}, "Jailer": {"f1": 0.7499999999999999, "precision": 1.0, "recall": 0.6}, "Destroyer": {"f1": 0.0, "precision": 0.0, "recall": 0.0}, "ManufacturerAssembler": {"f1": 0.0, "precision": 0.0, "recall": 0.0}, "Instrument": {"f1": 0.3529411764705882, "precision": 0.5, "recall": 0.2727272727272727}, "PlaceOfEmployment": {"f1": 0.0, "precision": 0.0, "recall": 0.0}, "Learner": {"f1": 0.0, "precision": 0.0, "recall": 0.0}, "Components": {"f1": 0.0, "precision": 0.0, "recall": 0.0}, "Vehicle": {"f1": 0.0, "precision": 0.0, "recall": 0.0}, "Disabler": {"f1": 0.0, "precision": 0.0, "recall": 0.0}, "Injurer": {"f1": 0.0, "precision": 0.0, "recall": 0.0}, "Communicator": {"f1": 0.28571428571428575, "precision": 0.5, "recall": 0.2}, "BodyPart": {"f1": 0.0, "precision": 0.0, "recall": 0.0}, "Disease": {"f1": 0.0, "precision": 0.0, "recall": 0.0}, "Detainee": {"f1": 0.7692307692307693, "precision": 1.0, "recall": 0.625}, "Position": {"f1": 0.0, "precision": 0.0, "recall": 0.0}, "Patient": {"f1": 0.0, "precision": 0.0, "recall": 0.0}, "PassengerArtifact": {"f1": 0.0, "precision": 0.0, "recall": 0.0}, "Defendant": {"f1": 0.7999999999999999, "precision": 0.8571428571428571, "recall": 0.75}, "Attacker": {"f1": 0.19354838709677416, "precision": 0.75, "recall": 0.1111111111111111}, "IdentifiedRole": {"f1": 0.0, "precision": 0.0, "recall": 0.0}, "Preventer": {"f1": 0.0, "precision": 0.0, "recall": 0.0}, "CrashObject": {"f1": 0.0, "precision": 0.0, "recall": 0.0}, "Victim": {"f1": 0.5666666666666667, "precision": 0.8095238095238095, "recall": 0.4358974358974359}, "Identifier": {"f1": 0.0, "precision": 0.0, "recall": 0.0}, "AcquiredEntity": {"f1": 0.4615384615384615, "precision": 1.0, "recall": 0.3}, "Researcher": {"f1": 0.0, "precision": 0.0, "recall": 0.0}, "Regulator": {"f1": 0.0, "precision": 0.0, "recall": 0.0}, "Observer": {"f1": 0.0, "precision": 0.0, "recall": 0.0}, "Artifact": {"f1": 0.15384615384615383, "precision": 0.3333333333333333, "recall": 0.1}, "Target": {"f1": 0.2807017543859649, "precision": 0.6153846153846154, "recall": 0.18181818181818182}, "Participant": {"f1": 0.2, "precision": 0.25, "recall": 0.16666666666666666}, "Recipient": {"f1": 0.23529411764705882, "precision": 0.6666666666666666, "recall": 0.14285714285714285}, "Topic": {"f1": 0.0, "precision": 0.0, "recall": 0.0}, "Impeder": {"f1": 0.0, "precision": 0.0, "recall": 0.0}, "Treater": {"f1": 0.0, "precision": 0.0, "recall": 0.0}, "Subject": {"f1": 0.0, "precision": 0.0, "recall": 0.0}, "Destination": {"f1": 0.0, "precision": 0.0, "recall": 0.0}, "Giver": {"f1": 0.0, "precision": 0.0, "recall": 0.0}, "Perpetrator": {"f1": 0.0, "precision": 0.0, "recall": 0.0}, "ExplosiveDevice": {"f1": 0.16666666666666666, "precision": 0.4, "recall": 0.10526315789473684}, "Transporter": {"f1": 0.0, "precision": 0.0, "recall": 0.0}, "Employee": {"f1": 0.0, "precision": 0.0, "recall": 0.0}, "PaymentBarter": {"f1": 0.0, "precision": 0.0, "recall": 0.0}, "Place": {"f1": 0.3611111111111111, "precision": 0.7647058823529411, "recall": 0.23636363636363636}, "Damager": {"f1": 0.0, "precision": 0.0, "recall": 0.0}, "JudgeCourt": {"f1": 0.5714285714285715, "precision": 0.6666666666666666, "recall": 0.5}, "ArtifactMoney": {"f1": 0.0, "precision": 0.0, "recall": 0.0}, "IdentifiedObject": {"f1": 0.0, "precision": 0.0, "recall": 0.0}, "ObservedEntity": {"f1": 0.0, "precision": 0.0, "recall": 0.0}, "Demonstrator": {"f1": 0.0, "precision": 0.0, "recall": 0.0}, "Victor": {"f1": 0.0, "precision": 0.0, "recall": 0.0}, "TeacherTrainer": {"f1": 0.0, "precision": 0.0, "recall": 0.0}, "Prosecutor": {"f1": 0.3333333333333333, "precision": 0.5, "recall": 0.25}, "Dismantler": {"f1": 0.0, "precision": 0.0, "recall": 0.0}, "DamagerDestroyer": {"f1": 0.0, "precision": 0.0, "recall": 0.0}, "Origin": {"f1": 0.0, "precision": 0.0, "recall": 0.0}, "Triggers": {"f1": 0.4869565217391304, "precision": 0.6588235294117647, "recall": 0.38620689655172413}}}