{"overall_f1": 0.4137931034482759, "overall_precision": 0.3779527559055118, "overall_recall": 0.45714285714285713, "event_type_f1": 0.7796610169491526, "event_type_precision": 0.92, "event_type_recall": 0.6764705882352942, "argument_f1": 0.28901734104046245, "argument_precision": 0.6578947368421053, "argument_recall": 0.18518518518518517, "event_type_metrics_per_class": {"attack": {"f1": 0.7586206896551725, "precision": 1.0, "recall": 0.6111111111111112}, "bombing": {"f1": 0.9473684210526316, "precision": 0.9, "recall": 1.0}, "kidnapping": {"f1": 0.6666666666666665, "precision": 0.75, "recall": 0.6}, "arson": {"f1": 0.0, "precision": 0.0, "recall": 0.0}, "forced work stoppage": {"f1": 0.0, "precision": 0.0, "recall": 0.0}, "robbery": {"f1": 0.0, "precision": 0.0, "recall": 0.0}}, "argument_type_metrics_per_class": {"PerpInd": {"f1": 0.1818181818181818, "precision": 0.4444444444444444, "recall": 0.11428571428571428}, "PerpOrg": {"f1": 0.3720930232558139, "precision": 0.8888888888888888, "recall": 0.23529411764705882}, "Target": {"f1": 0.19230769230769232, "precision": 0.7142857142857143, "recall": 0.1111111111111111}, "Victim": {"f1": 0.5833333333333334, "precision": 0.7777777777777778, "recall": 0.4666666666666667}, "Weapon": {"f1": 0.2, "precision": 0.25, "recall": 0.16666666666666666}, "Triggers": {"f1": 0.0, "precision": 0.0, "recall": 0.0}}}