{"overall_f1": 0.39148936170212767, "overall_precision": 0.4144144144144144, "overall_recall": 0.3709677419354839, "event_type_f1": 0.7368421052631579, "event_type_precision": 0.9130434782608695, "event_type_recall": 0.6176470588235294, "argument_f1": 0.28089887640449435, "argument_precision": 0.5813953488372093, "argument_recall": 0.18518518518518517, "event_type_metrics_per_class": {"attack": {"f1": 0.6666666666666666, "precision": 1.0, "recall": 0.5}, "bombing": {"f1": 0.8888888888888888, "precision": 0.8888888888888888, "recall": 0.8888888888888888}, "kidnapping": {"f1": 0.8000000000000002, "precision": 0.8, "recall": 0.8}, "arson": {"f1": 0.0, "precision": 0.0, "recall": 0.0}, "forced work stoppage": {"f1": 0.0, "precision": 0.0, "recall": 0.0}, "robbery": {"f1": 0.0, "precision": 0.0, "recall": 0.0}}, "argument_type_metrics_per_class": {"PerpInd": {"f1": 0.1818181818181818, "precision": 0.4444444444444444, "recall": 0.11428571428571428}, "PerpOrg": {"f1": 0.39130434782608703, "precision": 0.75, "recall": 0.2647058823529412}, "Target": {"f1": 0.14814814814814814, "precision": 0.4444444444444444, "recall": 0.08888888888888889}, "Victim": {"f1": 0.5833333333333334, "precision": 0.7777777777777778, "recall": 0.4666666666666667}, "Weapon": {"f1": 0.2, "precision": 0.25, "recall": 0.16666666666666666}, "Triggers": {"f1": 0.0, "precision": 0.0, "recall": 0.0}}}