{"overall_f1": 0.2358974358974359, "overall_precision": 0.5, "overall_recall": 0.15436241610738255, "event_type_f1": 0.45454545454545453, "event_type_precision": 1.0, "event_type_recall": 0.29411764705882354, "argument_f1": 0.17218543046357615, "argument_precision": 0.8125, "argument_recall": 0.0962962962962963, "event_type_metrics_per_class": {"attack": {"f1": 0.3636363636363636, "precision": 1.0, "recall": 0.2222222222222222}, "bombing": {"f1": 0.5, "precision": 1.0, "recall": 0.3333333333333333}, "kidnapping": {"f1": 0.7499999999999999, "precision": 1.0, "recall": 0.6}, "arson": {"f1": 0.0, "precision": 0.0, "recall": 0.0}, "forced work stoppage": {"f1": 0.0, "precision": 0.0, "recall": 0.0}, "robbery": {"f1": 0.0, "precision": 0.0, "recall": 0.0}}, "argument_type_metrics_per_class": {"PerpInd": {"f1": 0.19999999999999998, "precision": 0.8, "recall": 0.11428571428571428}, "PerpOrg": {"f1": 0.1111111111111111, "precision": 1.0, "recall": 0.058823529411764705}, "Target": {"f1": 0.0425531914893617, "precision": 0.5, "recall": 0.022222222222222223}, "Victim": {"f1": 0.5454545454545455, "precision": 0.8571428571428571, "recall": 0.4}, "Weapon": {"f1": 0.0, "precision": 0.0, "recall": 0.0}, "Triggers": {"f1": 0.0, "precision": 0.0, "recall": 0.0}}}