{"overall_f1": 0.25, "overall_precision": 0.43103448275862066, "overall_recall": 0.176056338028169, "event_type_f1": 0.5217391304347826, "event_type_precision": 1.0, "event_type_recall": 0.35294117647058826, "argument_f1": 0.16883116883116883, "argument_precision": 0.6842105263157895, "argument_recall": 0.0962962962962963, "event_type_metrics_per_class": {"attack": {"f1": 0.4347826086956522, "precision": 1.0, "recall": 0.2777777777777778}, "bombing": {"f1": 0.7142857142857143, "precision": 1.0, "recall": 0.5555555555555556}, "kidnapping": {"f1": 0.5714285714285715, "precision": 1.0, "recall": 0.4}, "arson": {"f1": 0.0, "precision": 0.0, "recall": 0.0}, "forced work stoppage": {"f1": 0.0, "precision": 0.0, "recall": 0.0}, "robbery": {"f1": 0.0, "precision": 0.0, "recall": 0.0}}, "argument_type_metrics_per_class": {"PerpInd": {"f1": 0.10526315789473684, "precision": 0.6666666666666666, "recall": 0.05714285714285714}, "PerpOrg": {"f1": 0.1111111111111111, "precision": 1.0, "recall": 0.058823529411764705}, "Target": {"f1": 0.19230769230769232, "precision": 0.7142857142857143, "recall": 0.1111111111111111}, "Victim": {"f1": 0.28571428571428575, "precision": 0.5, "recall": 0.2}, "Weapon": {"f1": 0.2857142857142857, "precision": 1.0, "recall": 0.16666666666666666}, "Triggers": {"f1": 0.0, "precision": 0.0, "recall": 0.0}}}