{"overall_f1": 0.5072046109510087, "overall_precision": 0.5057471264367817, "overall_recall": 0.5086705202312138, "event_type_f1": 0.8484848484848485, "event_type_precision": 0.9333333333333333, "event_type_recall": 0.7777777777777778, "argument_f1": 0.3709677419354838, "argument_precision": 0.5411764705882353, "argument_recall": 0.2822085889570552, "event_type_metrics_per_class": {"attack": {"f1": 0.8169014084507041, "precision": 0.9354838709677419, "recall": 0.725}, "bombing": {"f1": 0.875, "precision": 0.875, "recall": 0.875}, "kidnapping": {"f1": 1.0, "precision": 1.0, "recall": 1.0}, "arson": {"f1": 1.0, "precision": 1.0, "recall": 1.0}, "forced work stoppage": {"f1": 0.0, "precision": 0.0, "recall": 0.0}, "robbery": {"f1": 0.0, "precision": 0.0, "recall": 0.0}}, "argument_type_metrics_per_class": {"PerpInd": {"f1": 0.41935483870967744, "precision": 0.65, "recall": 0.30952380952380953}, "PerpOrg": {"f1": 0.35294117647058826, "precision": 0.6, "recall": 0.25}, "Target": {"f1": 0.28571428571428575, "precision": 0.47368421052631576, "recall": 0.20454545454545456}, "Victim": {"f1": 0.4, "precision": 0.5, "recall": 0.3333333333333333}, "Weapon": {"f1": 0.45454545454545453, "precision": 0.45454545454545453, "recall": 0.45454545454545453}, "Triggers": {"f1": 0.3157894736842105, "precision": 0.2727272727272727, "recall": 0.375}}}