{"overall_f1": 0.5044510385756676, "overall_precision": 0.48295454545454547, "overall_recall": 0.5279503105590062, "event_type_f1": 0.8316831683168316, "event_type_precision": 0.8936170212765957, "event_type_recall": 0.7777777777777778, "argument_f1": 0.364406779661017, "argument_precision": 0.589041095890411, "argument_recall": 0.26380368098159507, "event_type_metrics_per_class": {"attack": {"f1": 0.8108108108108107, "precision": 0.8823529411764706, "recall": 0.75}, "bombing": {"f1": 0.875, "precision": 0.875, "recall": 0.875}, "kidnapping": {"f1": 0.888888888888889, "precision": 1.0, "recall": 0.8}, "arson": {"f1": 1.0, "precision": 1.0, "recall": 1.0}, "forced work stoppage": {"f1": 0.0, "precision": 0.0, "recall": 0.0}, "robbery": {"f1": 0.0, "precision": 0.0, "recall": 0.0}}, "argument_type_metrics_per_class": {"PerpInd": {"f1": 0.4067796610169491, "precision": 0.7058823529411765, "recall": 0.2857142857142857}, "PerpOrg": {"f1": 0.46153846153846156, "precision": 0.75, "recall": 0.3333333333333333}, "Target": {"f1": 0.07407407407407407, "precision": 0.2, "recall": 0.045454545454545456}, "Victim": {"f1": 0.43999999999999995, "precision": 0.55, "recall": 0.36666666666666664}, "Weapon": {"f1": 0.5714285714285713, "precision": 0.6, "recall": 0.5454545454545454}, "Triggers": {"f1": 0.2857142857142857, "precision": 0.23076923076923078, "recall": 0.375}}}