{"overall_f1": 0.34027777777777773, "overall_precision": 0.5051546391752577, "overall_recall": 0.25654450261780104, "event_type_f1": 0.5128205128205128, "event_type_precision": 0.8333333333333334, "event_type_recall": 0.37037037037037035, "argument_f1": 0.2761904761904762, "argument_precision": 0.6170212765957447, "argument_recall": 0.17791411042944785, "event_type_metrics_per_class": {"attack": {"f1": 0.5084745762711864, "precision": 0.7894736842105263, "recall": 0.375}, "bombing": {"f1": 0.5454545454545454, "precision": 1.0, "recall": 0.375}, "kidnapping": {"f1": 0.5714285714285715, "precision": 1.0, "recall": 0.4}, "arson": {"f1": 0.0, "precision": 0.0, "recall": 0.0}, "forced work stoppage": {"f1": 0.0, "precision": 0.0, "recall": 0.0}, "robbery": {"f1": 0.0, "precision": 0.0, "recall": 0.0}}, "argument_type_metrics_per_class": {"PerpInd": {"f1": 0.3157894736842105, "precision": 0.6, "recall": 0.21428571428571427}, "PerpOrg": {"f1": 0.3333333333333333, "precision": 0.6666666666666666, "recall": 0.2222222222222222}, "Target": {"f1": 0.0816326530612245, "precision": 0.4, "recall": 0.045454545454545456}, "Victim": {"f1": 0.4090909090909091, "precision": 0.6428571428571429, "recall": 0.3}, "Weapon": {"f1": 0.16666666666666669, "precision": 1.0, "recall": 0.09090909090909091}, "Triggers": {"f1": 0.26666666666666666, "precision": 0.2857142857142857, "recall": 0.25}}}