{"overall_f1": 0.4063492063492064, "overall_precision": 0.47058823529411764, "overall_recall": 0.3575418994413408, "event_type_f1": 0.5227272727272728, "event_type_precision": 0.6764705882352942, "event_type_recall": 0.42592592592592593, "argument_f1": 0.3612334801762115, "argument_precision": 0.640625, "argument_recall": 0.25153374233128833, "event_type_metrics_per_class": {"attack": {"f1": 0.4, "precision": 0.6, "recall": 0.3}, "bombing": {"f1": 0.823529411764706, "precision": 0.7777777777777778, "recall": 0.875}, "kidnapping": {"f1": 0.6666666666666665, "precision": 0.75, "recall": 0.6}, "arson": {"f1": 1.0, "precision": 1.0, "recall": 1.0}, "forced work stoppage": {"f1": 0.0, "precision": 0.0, "recall": 0.0}, "robbery": {"f1": 0.0, "precision": 0.0, "recall": 0.0}}, "argument_type_metrics_per_class": {"PerpInd": {"f1": 0.24137931034482757, "precision": 0.4375, "recall": 0.16666666666666666}, "PerpOrg": {"f1": 0.1904761904761905, "precision": 0.6666666666666666, "recall": 0.1111111111111111}, "Target": {"f1": 0.3728813559322034, "precision": 0.7333333333333333, "recall": 0.25}, "Victim": {"f1": 0.5925925925925926, "precision": 0.6666666666666666, "recall": 0.5333333333333333}, "Weapon": {"f1": 0.42857142857142855, "precision": 1.0, "recall": 0.2727272727272727}, "Triggers": {"f1": 0.1904761904761905, "precision": 0.15384615384615385, "recall": 0.25}}}