{"overall_f1": 0.5802968960863697, "overall_precision": 0.5613577023498695, "overall_recall": 0.6005586592178771, "event_type_f1": 0.903954802259887, "event_type_precision": 0.9876543209876543, "event_type_recall": 0.8333333333333334, "argument_f1": 0.47872340425531923, "argument_precision": 0.6490384615384616, "argument_recall": 0.3792134831460674, "event_type_metrics_per_class": {"attack": {"f1": 0.8684210526315789, "precision": 0.9705882352941176, "recall": 0.7857142857142857}, "bombing": {"f1": 0.9268292682926829, "precision": 1.0, "recall": 0.8636363636363636}, "kidnapping": {"f1": 1.0, "precision": 1.0, "recall": 1.0}, "arson": {"f1": 1.0, "precision": 1.0, "recall": 1.0}, "forced work stoppage": {"f1": 0.0, "precision": 0.0, "recall": 0.0}, "robbery": {"f1": 0.0, "precision": 0.0, "recall": 0.0}}, "argument_type_metrics_per_class": {"PerpInd": {"f1": 0.410958904109589, "precision": 0.6122448979591837, "recall": 0.30927835051546393}, "PerpOrg": {"f1": 0.5391304347826087, "precision": 0.7380952380952381, "recall": 0.4246575342465753}, "Target": {"f1": 0.4647887323943662, "precision": 0.6111111111111112, "recall": 0.375}, "Victim": {"f1": 0.5882352941176472, "precision": 0.6756756756756757, "recall": 0.5208333333333334}, "Weapon": {"f1": 0.4210526315789474, "precision": 0.6153846153846154, "recall": 0.32}, "Triggers": {"f1": 0.8813559322033898, "precision": 0.9629629629629629, "recall": 0.8125}}}