{"overall_f1": 0.4759036144578313, "overall_precision": 0.47878787878787876, "overall_recall": 0.47305389221556887, "event_type_f1": 0.7393939393939394, "event_type_precision": 0.8840579710144928, "event_type_recall": 0.6354166666666666, "argument_f1": 0.38877755511022044, "argument_precision": 0.6783216783216783, "argument_recall": 0.27247191011235955, "event_type_metrics_per_class": {"attack": {"f1": 0.6575342465753424, "precision": 0.7741935483870968, "recall": 0.5714285714285714}, "bombing": {"f1": 0.8, "precision": 0.967741935483871, "recall": 0.6818181818181818}, "kidnapping": {"f1": 1.0, "precision": 1.0, "recall": 1.0}, "arson": {"f1": 0.0, "precision": 0.0, "recall": 0.0}, "forced work stoppage": {"f1": 0.0, "precision": 0.0, "recall": 0.0}, "robbery": {"f1": 0.0, "precision": 0.0, "recall": 0.0}}, "argument_type_metrics_per_class": {"PerpInd": {"f1": 0.3432835820895523, "precision": 0.6216216216216216, "recall": 0.23711340206185566}, "PerpOrg": {"f1": 0.3440860215053763, "precision": 0.8, "recall": 0.2191780821917808}, "Target": {"f1": 0.3709677419354838, "precision": 0.6388888888888888, "recall": 0.26136363636363635}, "Victim": {"f1": 0.4415584415584416, "precision": 0.5862068965517241, "recall": 0.3541666666666667}, "Weapon": {"f1": 0.5070422535211268, "precision": 0.8571428571428571, "recall": 0.36}, "Triggers": {"f1": 0.7393939393939394, "precision": 0.8840579710144928, "recall": 0.6354166666666666}}}