{"overall_f1": 0.46740858505564387, "overall_precision": 0.5404411764705882, "overall_recall": 0.4117647058823529, "event_type_f1": 0.7058823529411765, "event_type_precision": 0.9473684210526315, "event_type_recall": 0.5625, "argument_f1": 0.3907563025210084, "argument_precision": 0.775, "argument_recall": 0.2612359550561798, "event_type_metrics_per_class": {"attack": {"f1": 0.6363636363636364, "precision": 0.875, "recall": 0.5}, "bombing": {"f1": 0.7246376811594203, "precision": 1.0, "recall": 0.5681818181818182}, "kidnapping": {"f1": 0.923076923076923, "precision": 1.0, "recall": 0.8571428571428571}, "arson": {"f1": 1.0, "precision": 1.0, "recall": 1.0}, "forced work stoppage": {"f1": 0.0, "precision": 0.0, "recall": 0.0}, "robbery": {"f1": 0.0, "precision": 0.0, "recall": 0.0}}, "argument_type_metrics_per_class": {"PerpInd": {"f1": 0.28571428571428564, "precision": 0.7727272727272727, "recall": 0.17525773195876287}, "PerpOrg": {"f1": 0.28888888888888886, "precision": 0.7647058823529411, "recall": 0.1780821917808219}, "Target": {"f1": 0.416, "precision": 0.7027027027027027, "recall": 0.29545454545454547}, "Victim": {"f1": 0.5866666666666666, "precision": 0.8148148148148148, "recall": 0.4583333333333333}, "Weapon": {"f1": 0.44776119402985076, "precision": 0.8823529411764706, "recall": 0.3}, "Triggers": {"f1": 0.6797385620915032, "precision": 0.9122807017543859, "recall": 0.5416666666666666}}}