{"overall_f1": 0.5, "overall_precision": 0.5487804878048781, "overall_recall": 0.45918367346938777, "event_type_f1": 0.84, "event_type_precision": 0.9545454545454546, "event_type_recall": 0.75, "argument_f1": 0.3692307692307692, "argument_precision": 0.48, "argument_recall": 0.3, "event_type_metrics_per_class": {"attack": {"f1": 0.7857142857142857, "precision": 0.9166666666666666, "recall": 0.6875}, "bombing": {"f1": 0.9411764705882353, "precision": 1.0, "recall": 0.8888888888888888}, "kidnapping": {"f1": 1.0, "precision": 1.0, "recall": 1.0}, "arson": {"f1": 0.0, "precision": 0.0, "recall": 0.0}, "forced work stoppage": {"f1": 0.0, "precision": 0.0, "recall": 0.0}, "robbery": {"f1": 0.0, "precision": 0.0, "recall": 0.0}}, "argument_type_metrics_per_class": {"PerpInd": {"f1": 0.45714285714285713, "precision": 0.4444444444444444, "recall": 0.47058823529411764}, "PerpOrg": {"f1": 0.43749999999999994, "precision": 0.6363636363636364, "recall": 0.3333333333333333}, "Target": {"f1": 0.2222222222222222, "precision": 0.4444444444444444, "recall": 0.14814814814814814}, "Victim": {"f1": 0.4444444444444445, "precision": 0.4, "recall": 0.5}, "Weapon": {"f1": 0.22222222222222224, "precision": 0.5, "recall": 0.14285714285714285}, "Triggers": {"f1": 0.64, "precision": 0.7272727272727273, "recall": 0.5714285714285714}}}