{"overall_f1": 0.2589928057553956, "overall_precision": 0.4186046511627907, "overall_recall": 0.1875, "event_type_f1": 0.45000000000000007, "event_type_precision": 0.75, "event_type_recall": 0.32142857142857145, "argument_f1": 0.18181818181818182, "argument_precision": 0.47368421052631576, "argument_recall": 0.1125, "event_type_metrics_per_class": {"attack": {"f1": 0.38095238095238093, "precision": 0.8, "recall": 0.25}, "bombing": {"f1": 0.46153846153846156, "precision": 0.75, "recall": 0.3333333333333333}, "kidnapping": {"f1": 0.8, "precision": 0.6666666666666666, "recall": 1.0}, "arson": {"f1": 0.0, "precision": 0.0, "recall": 0.0}, "forced work stoppage": {"f1": 0.0, "precision": 0.0, "recall": 0.0}, "robbery": {"f1": 0.0, "precision": 0.0, "recall": 0.0}}, "argument_type_metrics_per_class": {"PerpInd": {"f1": 0.24, "precision": 0.375, "recall": 0.17647058823529413}, "PerpOrg": {"f1": 0.08695652173913042, "precision": 0.5, "recall": 0.047619047619047616}, "Target": {"f1": 0.13793103448275862, "precision": 1.0, "recall": 0.07407407407407407}, "Victim": {"f1": 0.3076923076923077, "precision": 0.4, "recall": 0.25}, "Weapon": {"f1": 0.22222222222222224, "precision": 0.5, "recall": 0.14285714285714285}, "Triggers": {"f1": 0.4, "precision": 0.6666666666666666, "recall": 0.2857142857142857}}}