{"overall_f1": 0.4914089347079038, "overall_precision": 0.4750830564784053, "overall_recall": 0.5088967971530249, "event_type_f1": 0.8152866242038216, "event_type_precision": 0.9014084507042254, "event_type_recall": 0.7441860465116279, "argument_f1": 0.37176470588235294, "argument_precision": 0.572463768115942, "argument_recall": 0.27526132404181186, "event_type_metrics_per_class": {"attack": {"f1": 0.7835051546391752, "precision": 0.95, "recall": 0.6666666666666666}, "bombing": {"f1": 0.8780487804878049, "precision": 0.8181818181818182, "recall": 0.9473684210526315}, "kidnapping": {"f1": 0.8571428571428571, "precision": 0.8571428571428571, "recall": 0.8571428571428571}, "arson": {"f1": 1.0, "precision": 1.0, "recall": 1.0}, "forced work stoppage": {"f1": 0.0, "precision": 0.0, "recall": 0.0}, "robbery": {"f1": 0.0, "precision": 0.0, "recall": 0.0}}, "argument_type_metrics_per_class": {"PerpInd": {"f1": 0.31067961165048547, "precision": 0.5517241379310345, "recall": 0.21621621621621623}, "PerpOrg": {"f1": 0.43478260869565216, "precision": 0.6896551724137931, "recall": 0.31746031746031744}, "Target": {"f1": 0.3149606299212598, "precision": 0.5128205128205128, "recall": 0.22727272727272727}, "Victim": {"f1": 0.48148148148148157, "precision": 0.65, "recall": 0.38235294117647056}, "Weapon": {"f1": 0.40816326530612246, "precision": 0.47619047619047616, "recall": 0.35714285714285715}, "Triggers": {"f1": 0.28571428571428575, "precision": 0.25, "recall": 0.3333333333333333}}}