{"overall_f1": 0.506993006993007, "overall_precision": 0.4517133956386293, "overall_recall": 0.5776892430278885, "event_type_f1": 0.8074534161490684, "event_type_precision": 0.8666666666666667, "event_type_recall": 0.7558139534883721, "argument_f1": 0.38929440389294395, "argument_precision": 0.6451612903225806, "argument_recall": 0.2787456445993031, "event_type_metrics_per_class": {"attack": {"f1": 0.7843137254901961, "precision": 0.8888888888888888, "recall": 0.7017543859649122}, "bombing": {"f1": 0.8780487804878049, "precision": 0.8181818181818182, "recall": 0.9473684210526315}, "kidnapping": {"f1": 0.7692307692307692, "precision": 0.8333333333333334, "recall": 0.7142857142857143}, "arson": {"f1": 1.0, "precision": 1.0, "recall": 1.0}, "forced work stoppage": {"f1": 0.0, "precision": 0.0, "recall": 0.0}, "robbery": {"f1": 0.0, "precision": 0.0, "recall": 0.0}}, "argument_type_metrics_per_class": {"PerpInd": {"f1": 0.31683168316831684, "precision": 0.5925925925925926, "recall": 0.21621621621621623}, "PerpOrg": {"f1": 0.5054945054945055, "precision": 0.8214285714285714, "recall": 0.36507936507936506}, "Target": {"f1": 0.29059829059829057, "precision": 0.5862068965517241, "recall": 0.19318181818181818}, "Victim": {"f1": 0.4727272727272727, "precision": 0.6190476190476191, "recall": 0.38235294117647056}, "Weapon": {"f1": 0.46808510638297873, "precision": 0.5789473684210527, "recall": 0.39285714285714285}, "Triggers": {"f1": 0.25, "precision": 0.2, "recall": 0.3333333333333333}}}