{"overall_f1": 0.2610619469026549, "overall_precision": 0.4244604316546763, "overall_recall": 0.18849840255591055, "event_type_f1": 0.47787610619469023, "event_type_precision": 1.0, "event_type_recall": 0.313953488372093, "argument_f1": 0.1887905604719764, "argument_precision": 0.6153846153846154, "argument_recall": 0.11149825783972125, "event_type_metrics_per_class": {"attack": {"f1": 0.45945945945945943, "precision": 1.0, "recall": 0.2982456140350877}, "bombing": {"f1": 0.5384615384615384, "precision": 1.0, "recall": 0.3684210526315789}, "kidnapping": {"f1": 0.6, "precision": 1.0, "recall": 0.42857142857142855}, "arson": {"f1": 0.0, "precision": 0.0, "recall": 0.0}, "forced work stoppage": {"f1": 0.0, "precision": 0.0, "recall": 0.0}, "robbery": {"f1": 0.0, "precision": 0.0, "recall": 0.0}}, "argument_type_metrics_per_class": {"PerpInd": {"f1": 0.22222222222222224, "precision": 0.625, "recall": 0.13513513513513514}, "PerpOrg": {"f1": 0.2962962962962963, "precision": 0.6666666666666666, "recall": 0.19047619047619047}, "Target": {"f1": 0.08333333333333334, "precision": 0.5, "recall": 0.045454545454545456}, "Victim": {"f1": 0.2727272727272727, "precision": 0.6, "recall": 0.17647058823529413}, "Weapon": {"f1": 0.0, "precision": 0.0, "recall": 0.0}, "Triggers": {"f1": 0.42857142857142855, "precision": 0.6, "recall": 0.3333333333333333}}}