{"overall_f1": 0.3421588594704685, "overall_precision": 0.46153846153846156, "overall_recall": 0.27184466019417475, "event_type_f1": 0.5439999999999999, "event_type_precision": 0.8717948717948718, "event_type_recall": 0.3953488372093023, "argument_f1": 0.273224043715847, "argument_precision": 0.6329113924050633, "argument_recall": 0.17421602787456447, "event_type_metrics_per_class": {"attack": {"f1": 0.45945945945945943, "precision": 1.0, "recall": 0.2982456140350877}, "bombing": {"f1": 0.6857142857142857, "precision": 0.75, "recall": 0.631578947368421}, "kidnapping": {"f1": 0.6666666666666666, "precision": 0.8, "recall": 0.5714285714285714}, "arson": {"f1": 0.6666666666666666, "precision": 1.0, "recall": 0.5}, "forced work stoppage": {"f1": 0.0, "precision": 0.0, "recall": 0.0}, "robbery": {"f1": 0.0, "precision": 0.0, "recall": 0.0}}, "argument_type_metrics_per_class": {"PerpInd": {"f1": 0.19780219780219785, "precision": 0.5294117647058824, "recall": 0.12162162162162163}, "PerpOrg": {"f1": 0.08695652173913042, "precision": 0.5, "recall": 0.047619047619047616}, "Target": {"f1": 0.25862068965517243, "precision": 0.5357142857142857, "recall": 0.17045454545454544}, "Victim": {"f1": 0.5925925925925927, "precision": 0.8, "recall": 0.47058823529411764}, "Weapon": {"f1": 0.3888888888888889, "precision": 0.875, "recall": 0.25}, "Triggers": {"f1": 0.5555555555555556, "precision": 0.5555555555555556, "recall": 0.5555555555555556}}}