{"overall_f1": 0.4874551971326165, "overall_precision": 0.4444444444444444, "overall_recall": 0.5396825396825397, "event_type_f1": 0.7733333333333334, "event_type_precision": 0.90625, "event_type_recall": 0.6744186046511628, "argument_f1": 0.3823529411764706, "argument_precision": 0.7090909090909091, "argument_recall": 0.26174496644295303, "event_type_metrics_per_class": {"attack": {"f1": 0.7599999999999999, "precision": 0.95, "recall": 0.6333333333333333}, "bombing": {"f1": 0.9411764705882353, "precision": 0.8888888888888888, "recall": 1.0}, "kidnapping": {"f1": 0.6666666666666666, "precision": 0.6666666666666666, "recall": 0.6666666666666666}, "arson": {"f1": 0.0, "precision": 0.0, "recall": 0.0}, "forced work stoppage": {"f1": 0.0, "precision": 0.0, "recall": 0.0}, "robbery": {"f1": 0.0, "precision": 0.0, "recall": 0.0}}, "argument_type_metrics_per_class": {"PerpInd": {"f1": 0.26666666666666666, "precision": 0.5714285714285714, "recall": 0.17391304347826086}, "PerpOrg": {"f1": 0.36000000000000004, "precision": 0.8181818181818182, "recall": 0.23076923076923078}, "Target": {"f1": 0.41379310344827586, "precision": 1.0, "recall": 0.2608695652173913}, "Victim": {"f1": 0.5306122448979592, "precision": 0.6842105263157895, "recall": 0.43333333333333335}, "Weapon": {"f1": 0.37499999999999994, "precision": 0.6, "recall": 0.2727272727272727}, "Triggers": {"f1": 0.2, "precision": 0.25, "recall": 0.16666666666666666}}}