{"overall_f1": 0.5154639175257733, "overall_precision": 0.5102040816326531, "overall_recall": 0.5208333333333334, "event_type_f1": 0.7466666666666667, "event_type_precision": 0.875, "event_type_recall": 0.6511627906976745, "argument_f1": 0.43518518518518523, "argument_precision": 0.7014925373134329, "argument_recall": 0.31543624161073824, "event_type_metrics_per_class": {"attack": {"f1": 0.7599999999999999, "precision": 0.95, "recall": 0.6333333333333333}, "bombing": {"f1": 0.823529411764706, "precision": 0.7777777777777778, "recall": 0.875}, "kidnapping": {"f1": 0.6666666666666666, "precision": 0.6666666666666666, "recall": 0.6666666666666666}, "arson": {"f1": 0.0, "precision": 0.0, "recall": 0.0}, "forced work stoppage": {"f1": 0.0, "precision": 0.0, "recall": 0.0}, "robbery": {"f1": 0.0, "precision": 0.0, "recall": 0.0}}, "argument_type_metrics_per_class": {"PerpInd": {"f1": 0.3692307692307692, "precision": 0.631578947368421, "recall": 0.2608695652173913}, "PerpOrg": {"f1": 0.4074074074074074, "precision": 0.7333333333333333, "recall": 0.28205128205128205}, "Target": {"f1": 0.37500000000000006, "precision": 0.6666666666666666, "recall": 0.2608695652173913}, "Victim": {"f1": 0.6666666666666667, "precision": 0.8888888888888888, "recall": 0.5333333333333333}, "Weapon": {"f1": 0.23529411764705885, "precision": 0.3333333333333333, "recall": 0.18181818181818182}, "Triggers": {"f1": 0.1818181818181818, "precision": 0.2, "recall": 0.16666666666666666}}}