{"overall_f1": 0.32307692307692304, "overall_precision": 0.39622641509433965, "overall_recall": 0.2727272727272727, "event_type_f1": 0.5428571428571429, "event_type_precision": 0.7037037037037037, "event_type_recall": 0.4418604651162791, "argument_f1": 0.24210526315789474, "argument_precision": 0.5609756097560976, "argument_recall": 0.15436241610738255, "event_type_metrics_per_class": {"attack": {"f1": 0.5490196078431373, "precision": 0.6666666666666666, "recall": 0.4666666666666667}, "bombing": {"f1": 0.5, "precision": 0.75, "recall": 0.375}, "kidnapping": {"f1": 0.8, "precision": 1.0, "recall": 0.6666666666666666}, "arson": {"f1": 0.0, "precision": 0.0, "recall": 0.0}, "forced work stoppage": {"f1": 0.0, "precision": 0.0, "recall": 0.0}, "robbery": {"f1": 0.0, "precision": 0.0, "recall": 0.0}}, "argument_type_metrics_per_class": {"PerpInd": {"f1": 0.25, "precision": 0.7, "recall": 0.15217391304347827}, "PerpOrg": {"f1": 0.163265306122449, "precision": 0.4, "recall": 0.10256410256410256}, "Target": {"f1": 0.07407407407407408, "precision": 0.25, "recall": 0.043478260869565216}, "Victim": {"f1": 0.46808510638297873, "precision": 0.6470588235294118, "recall": 0.36666666666666664}, "Weapon": {"f1": 0.0, "precision": 0.0, "recall": 0.0}, "Triggers": {"f1": 0.11764705882352942, "precision": 0.09090909090909091, "recall": 0.16666666666666666}}}