{"overall_f1": 0.34008097165991896, "overall_precision": 0.46153846153846156, "overall_recall": 0.2692307692307692, "event_type_f1": 0.5483870967741935, "event_type_precision": 0.8947368421052632, "event_type_recall": 0.3953488372093023, "argument_f1": 0.2702702702702703, "argument_precision": 0.6944444444444444, "argument_recall": 0.16778523489932887, "event_type_metrics_per_class": {"attack": {"f1": 0.5909090909090909, "precision": 0.9285714285714286, "recall": 0.43333333333333335}, "bombing": {"f1": 0.5, "precision": 0.75, "recall": 0.375}, "kidnapping": {"f1": 0.5, "precision": 1.0, "recall": 0.3333333333333333}, "arson": {"f1": 0.0, "precision": 0.0, "recall": 0.0}, "forced work stoppage": {"f1": 0.0, "precision": 0.0, "recall": 0.0}, "robbery": {"f1": 0.0, "precision": 0.0, "recall": 0.0}}, "argument_type_metrics_per_class": {"PerpInd": {"f1": 0.18518518518518517, "precision": 0.625, "recall": 0.10869565217391304}, "PerpOrg": {"f1": 0.13953488372093026, "precision": 0.75, "recall": 0.07692307692307693}, "Target": {"f1": 0.14814814814814817, "precision": 0.5, "recall": 0.08695652173913043}, "Victim": {"f1": 0.608695652173913, "precision": 0.875, "recall": 0.4666666666666667}, "Weapon": {"f1": 0.13333333333333333, "precision": 0.25, "recall": 0.09090909090909091}, "Triggers": {"f1": 0.5, "precision": 0.5, "recall": 0.5}}}