{"overall_f1": 0.3333333333333333, "overall_precision": 0.2222222222222222, "overall_recall": 0.6666666666666666, "event_type_f1": 0.6666666666666666, "event_type_precision": 0.6666666666666666, "event_type_recall": 0.6666666666666666, "argument_f1": 0.26666666666666666, "argument_precision": 0.6666666666666666, "argument_recall": 0.16666666666666666, "event_type_metrics_per_class": {"attack": {"f1": 0.8, "precision": 0.6666666666666666, "recall": 1.0}, "bombing": {"f1": 0.0, "precision": 0.0, "recall": 0.0}, "kidnapping": {"f1": 0.0, "precision": 0.0, "recall": 0.0}, "arson": {"f1": 0.0, "precision": 0.0, "recall": 0.0}, "forced work stoppage": {"f1": 0.0, "precision": 0.0, "recall": 0.0}, "robbery": {"f1": 0.0, "precision": 0.0, "recall": 0.0}}, "argument_type_metrics_per_class": {"PerpInd": {"f1": 0.8, "precision": 1.0, "recall": 0.6666666666666666}, "PerpOrg": {"f1": 0.4, "precision": 1.0, "recall": 0.25}, "Target": {"f1": 0.2222222222222222, "precision": 0.3333333333333333, "recall": 0.16666666666666666}, "Victim": {"f1": 0.0, "precision": 0.0, "recall": 0.0}, "Weapon": {"f1": 0.0, "precision": 0.0, "recall": 0.0}, "Triggers": {"f1": 1.0, "precision": 1.0, "recall": 1.0}}}