{"overall_f1": 0.6666666666666667, "overall_precision": 0.5185185185185185, "overall_recall": 0.9333333333333333, "event_type_f1": 0.6666666666666666, "event_type_precision": 0.6666666666666666, "event_type_recall": 0.6666666666666666, "argument_f1": 0.6666666666666666, "argument_precision": 1.0, "argument_recall": 0.5, "event_type_metrics_per_class": {"attack": {"f1": 0.8, "precision": 0.6666666666666666, "recall": 1.0}, "bombing": {"f1": 0.0, "precision": 0.0, "recall": 0.0}, "kidnapping": {"f1": 0.0, "precision": 0.0, "recall": 0.0}, "arson": {"f1": 0.0, "precision": 0.0, "recall": 0.0}, "forced work stoppage": {"f1": 0.0, "precision": 0.0, "recall": 0.0}, "robbery": {"f1": 0.0, "precision": 0.0, "recall": 0.0}}, "argument_type_metrics_per_class": {"PerpInd": {"f1": 0.0, "precision": 0.0, "recall": 0.0}, "PerpOrg": {"f1": 0.6666666666666666, "precision": 1.0, "recall": 0.5}, "Target": {"f1": 0.5, "precision": 1.0, "recall": 0.3333333333333333}, "Victim": {"f1": 1.0, "precision": 1.0, "recall": 1.0}, "Weapon": {"f1": 0.0, "precision": 0.0, "recall": 0.0}, "Triggers": {"f1": 0.6666666666666666, "precision": 0.6666666666666666, "recall": 0.6666666666666666}}}