{"overall_f1": 0.6181818181818183, "overall_precision": 0.4857142857142857, "overall_recall": 0.85, "event_type_f1": 0.6666666666666666, "event_type_precision": 0.6666666666666666, "event_type_recall": 0.6666666666666666, "argument_f1": 0.6122448979591837, "argument_precision": 0.8823529411764706, "argument_recall": 0.46875, "event_type_metrics_per_class": {"attack": {"f1": 0.8, "precision": 1.0, "recall": 0.6666666666666666}, "bombing": {"f1": 0.0, "precision": 0.0, "recall": 0.0}, "kidnapping": {"f1": 0.0, "precision": 0.0, "recall": 0.0}, "arson": {"f1": 0.0, "precision": 0.0, "recall": 0.0}, "forced work stoppage": {"f1": 0.0, "precision": 0.0, "recall": 0.0}, "robbery": {"f1": 0.0, "precision": 0.0, "recall": 0.0}}, "argument_type_metrics_per_class": {"PerpInd": {"f1": 0.0, "precision": 0.0, "recall": 0.0}, "PerpOrg": {"f1": 0.4, "precision": 1.0, "recall": 0.25}, "Target": {"f1": 0.5714285714285714, "precision": 0.75, "recall": 0.46153846153846156}, "Victim": {"f1": 1.0, "precision": 1.0, "recall": 1.0}, "Weapon": {"f1": 0.0, "precision": 0.0, "recall": 0.0}, "Triggers": {"f1": 0.6666666666666666, "precision": 0.6666666666666666, "recall": 0.6666666666666666}}}