{"overall_f1": 0.4025974025974026, "overall_precision": 0.34831460674157305, "overall_recall": 0.47692307692307695, "event_type_f1": 0.8571428571428571, "event_type_precision": 1.0, "event_type_recall": 0.75, "argument_f1": 0.3015873015873016, "argument_precision": 0.7916666666666666, "argument_recall": 0.18627450980392157, "event_type_metrics_per_class": {"attack": {"f1": 0.8571428571428571, "precision": 1.0, "recall": 0.75}, "bombing": {"f1": 1.0, "precision": 1.0, "recall": 1.0}, "kidnapping": {"f1": 0.6666666666666666, "precision": 1.0, "recall": 0.5}, "arson": {"f1": 0.0, "precision": 0.0, "recall": 0.0}, "forced work stoppage": {"f1": 0.0, "precision": 0.0, "recall": 0.0}, "robbery": {"f1": 0.0, "precision": 0.0, "recall": 0.0}}, "argument_type_metrics_per_class": {"PerpInd": {"f1": 0.3902439024390244, "precision": 0.8888888888888888, "recall": 0.25}, "PerpOrg": {"f1": 0.1111111111111111, "precision": 0.3333333333333333, "recall": 0.06666666666666667}, "Target": {"f1": 0.23809523809523808, "precision": 0.7142857142857143, "recall": 0.14285714285714285}, "Victim": {"f1": 0.5454545454545454, "precision": 1.0, "recall": 0.375}, "Weapon": {"f1": 0.2857142857142857, "precision": 1.0, "recall": 0.16666666666666666}, "Triggers": {"f1": 0.7142857142857143, "precision": 0.8333333333333334, "recall": 0.625}}}