{"overall_f1": 0.3624161073825503, "overall_precision": 0.40298507462686567, "overall_recall": 0.32926829268292684, "event_type_f1": 0.72, "event_type_precision": 1.0, "event_type_recall": 0.5625, "argument_f1": 0.2903225806451613, "argument_precision": 0.8181818181818182, "argument_recall": 0.17647058823529413, "event_type_metrics_per_class": {"attack": {"f1": 0.6666666666666666, "precision": 1.0, "recall": 0.5}, "bombing": {"f1": 0.888888888888889, "precision": 1.0, "recall": 0.8}, "kidnapping": {"f1": 0.6666666666666666, "precision": 1.0, "recall": 0.5}, "arson": {"f1": 0.0, "precision": 0.0, "recall": 0.0}, "forced work stoppage": {"f1": 0.0, "precision": 0.0, "recall": 0.0}, "robbery": {"f1": 0.0, "precision": 0.0, "recall": 0.0}}, "argument_type_metrics_per_class": {"PerpInd": {"f1": 0.2222222222222222, "precision": 1.0, "recall": 0.125}, "PerpOrg": {"f1": 0.0, "precision": 0.0, "recall": 0.0}, "Target": {"f1": 0.3111111111111111, "precision": 0.7, "recall": 0.2}, "Victim": {"f1": 0.7692307692307693, "precision": 1.0, "recall": 0.625}, "Weapon": {"f1": 0.2857142857142857, "precision": 1.0, "recall": 0.16666666666666666}, "Triggers": {"f1": 0.72, "precision": 1.0, "recall": 0.5625}}}