{"overall_f1": 0.4796747967479675, "overall_precision": 0.4796747967479675, "overall_recall": 0.4796747967479675, "event_type_f1": 0.7681159420289856, "event_type_precision": 0.9298245614035088, "event_type_recall": 0.654320987654321, "argument_f1": 0.3672316384180791, "argument_precision": 0.6770833333333334, "argument_recall": 0.25193798449612403, "event_type_metrics_per_class": {"attack": {"f1": 0.735632183908046, "precision": 0.9411764705882353, "recall": 0.6037735849056604}, "bombing": {"f1": 0.8333333333333333, "precision": 0.8823529411764706, "recall": 0.7894736842105263}, "kidnapping": {"f1": 0.8333333333333333, "precision": 1.0, "recall": 0.7142857142857143}, "arson": {"f1": 1.0, "precision": 1.0, "recall": 1.0}, "forced work stoppage": {"f1": 0.0, "precision": 0.0, "recall": 0.0}, "robbery": {"f1": 0.0, "precision": 0.0, "recall": 0.0}}, "argument_type_metrics_per_class": {"PerpInd": {"f1": 0.17948717948717952, "precision": 0.5384615384615384, "recall": 0.1076923076923077}, "PerpOrg": {"f1": 0.43037974683544294, "precision": 0.7083333333333334, "recall": 0.3090909090909091}, "Target": {"f1": 0.38461538461538464, "precision": 0.8, "recall": 0.25316455696202533}, "Victim": {"f1": 0.4583333333333333, "precision": 0.6875, "recall": 0.34375}, "Weapon": {"f1": 0.4444444444444445, "precision": 0.5555555555555556, "recall": 0.37037037037037035}, "Triggers": {"f1": 0.6419753086419753, "precision": 0.9122807017543859, "recall": 0.49523809523809526}}}