{"overall_f1": 0.3404255319148936, "overall_precision": 0.4756756756756757, "overall_recall": 0.26506024096385544, "event_type_f1": 0.512, "event_type_precision": 0.8205128205128205, "event_type_recall": 0.37209302325581395, "argument_f1": 0.2857142857142857, "argument_precision": 0.5333333333333333, "argument_recall": 0.1951219512195122, "event_type_metrics_per_class": {"attack": {"f1": 0.481012658227848, "precision": 0.8636363636363636, "recall": 0.3333333333333333}, "bombing": {"f1": 0.6060606060606061, "precision": 0.7142857142857143, "recall": 0.5263157894736842}, "kidnapping": {"f1": 0.25, "precision": 1.0, "recall": 0.14285714285714285}, "arson": {"f1": 1.0, "precision": 1.0, "recall": 1.0}, "forced work stoppage": {"f1": 0.0, "precision": 0.0, "recall": 0.0}, "robbery": {"f1": 0.0, "precision": 0.0, "recall": 0.0}}, "argument_type_metrics_per_class": {"PerpInd": {"f1": 0.21505376344086022, "precision": 0.5263157894736842, "recall": 0.13513513513513514}, "PerpOrg": {"f1": 0.31707317073170727, "precision": 0.6842105263157895, "recall": 0.20634920634920634}, "Target": {"f1": 0.2519685039370079, "precision": 0.41025641025641024, "recall": 0.18181818181818182}, "Victim": {"f1": 0.4999999999999999, "precision": 0.7222222222222222, "recall": 0.38235294117647056}, "Weapon": {"f1": 0.21052631578947364, "precision": 0.4, "recall": 0.14285714285714285}, "Triggers": {"f1": 0.37209302325581395, "precision": 0.8205128205128205, "recall": 0.24060150375939848}}}