{"overall_f1": 0.3702290076335877, "overall_precision": 0.42543859649122806, "overall_recall": 0.3277027027027027, "event_type_f1": 0.5588235294117647, "event_type_precision": 0.76, "event_type_recall": 0.4418604651162791, "argument_f1": 0.3041237113402062, "argument_precision": 0.5841584158415841, "argument_recall": 0.20557491289198607, "event_type_metrics_per_class": {"attack": {"f1": 0.525, "precision": 0.9130434782608695, "recall": 0.3684210526315789}, "bombing": {"f1": 0.7027027027027027, "precision": 0.7222222222222222, "recall": 0.6842105263157895}, "kidnapping": {"f1": 0.4615384615384615, "precision": 0.5, "recall": 0.42857142857142855}, "arson": {"f1": 0.4, "precision": 0.3333333333333333, "recall": 0.5}, "forced work stoppage": {"f1": 0.0, "precision": 0.0, "recall": 0.0}, "robbery": {"f1": 0.0, "precision": 0.0, "recall": 0.0}}, "argument_type_metrics_per_class": {"PerpInd": {"f1": 0.1935483870967742, "precision": 0.47368421052631576, "recall": 0.12162162162162163}, "PerpOrg": {"f1": 0.19444444444444445, "precision": 0.7777777777777778, "recall": 0.1111111111111111}, "Target": {"f1": 0.3538461538461538, "precision": 0.5476190476190477, "recall": 0.26136363636363635}, "Victim": {"f1": 0.4150943396226416, "precision": 0.5789473684210527, "recall": 0.3235294117647059}, "Weapon": {"f1": 0.45000000000000007, "precision": 0.75, "recall": 0.32142857142857145}, "Triggers": {"f1": 0.3615819209039548, "precision": 0.6530612244897959, "recall": 0.25}}}