{"overall_f1": 0.4666666666666666, "overall_precision": 0.42, "overall_recall": 0.525, "event_type_f1": 0.75, "event_type_precision": 0.9473684210526315, "event_type_recall": 0.6206896551724138, "argument_f1": 0.36363636363636365, "argument_precision": 0.7058823529411765, "argument_recall": 0.24489795918367346, "event_type_metrics_per_class": {"attack": {"f1": 0.7027027027027025, "precision": 0.9285714285714286, "recall": 0.5652173913043478}, "bombing": {"f1": 1.0, "precision": 1.0, "recall": 1.0}, "kidnapping": {"f1": 1.0, "precision": 1.0, "recall": 1.0}, "arson": {"f1": 0.0, "precision": 0.0, "recall": 0.0}, "forced work stoppage": {"f1": 0.0, "precision": 0.0, "recall": 0.0}, "robbery": {"f1": 0.0, "precision": 0.0, "recall": 0.0}}, "argument_type_metrics_per_class": {"PerpInd": {"f1": 0.1142857142857143, "precision": 1.0, "recall": 0.06060606060606061}, "PerpOrg": {"f1": 0.41379310344827586, "precision": 0.6666666666666666, "recall": 0.3}, "Target": {"f1": 0.2, "precision": 0.4, "recall": 0.13333333333333333}, "Victim": {"f1": 0.6111111111111112, "precision": 0.8461538461538461, "recall": 0.4782608695652174}, "Weapon": {"f1": 0.5, "precision": 0.6, "recall": 0.42857142857142855}, "Triggers": {"f1": 0.6206896551724138, "precision": 0.9473684210526315, "recall": 0.46153846153846156}}}