{"overall_f1": 0.37681159420289856, "overall_precision": 0.47706422018348627, "overall_recall": 0.31137724550898205, "event_type_f1": 0.5294117647058824, "event_type_precision": 0.72, "event_type_recall": 0.4186046511627907, "argument_f1": 0.3269230769230769, "argument_precision": 0.576271186440678, "argument_recall": 0.22818791946308725, "event_type_metrics_per_class": {"attack": {"f1": 0.625, "precision": 0.8333333333333334, "recall": 0.5}, "bombing": {"f1": 0.28571428571428575, "precision": 0.3333333333333333, "recall": 0.25}, "kidnapping": {"f1": 0.5, "precision": 1.0, "recall": 0.3333333333333333}, "arson": {"f1": 0.0, "precision": 0.0, "recall": 0.0}, "forced work stoppage": {"f1": 0.0, "precision": 0.0, "recall": 0.0}, "robbery": {"f1": 0.0, "precision": 0.0, "recall": 0.0}}, "argument_type_metrics_per_class": {"PerpInd": {"f1": 0.27586206896551724, "precision": 0.6666666666666666, "recall": 0.17391304347826086}, "PerpOrg": {"f1": 0.2857142857142857, "precision": 0.7, "recall": 0.1794871794871795}, "Target": {"f1": 0.20689655172413793, "precision": 0.5, "recall": 0.13043478260869565}, "Victim": {"f1": 0.5357142857142857, "precision": 0.5769230769230769, "recall": 0.5}, "Weapon": {"f1": 0.12500000000000003, "precision": 0.2, "recall": 0.09090909090909091}, "Triggers": {"f1": 0.4137931034482759, "precision": 0.72, "recall": 0.2903225806451613}}}