{"overall_f1": 0.32388663967611336, "overall_precision": 0.42105263157894735, "overall_recall": 0.2631578947368421, "event_type_f1": 0.5625000000000001, "event_type_precision": 0.8571428571428571, "event_type_recall": 0.4186046511627907, "argument_f1": 0.24043715846994537, "argument_precision": 0.6470588235294118, "argument_recall": 0.1476510067114094, "event_type_metrics_per_class": {"attack": {"f1": 0.625, "precision": 0.8333333333333334, "recall": 0.5}, "bombing": {"f1": 0.2222222222222222, "precision": 1.0, "recall": 0.125}, "kidnapping": {"f1": 0.8, "precision": 1.0, "recall": 0.6666666666666666}, "arson": {"f1": 0.0, "precision": 0.0, "recall": 0.0}, "forced work stoppage": {"f1": 0.0, "precision": 0.0, "recall": 0.0}, "robbery": {"f1": 0.0, "precision": 0.0, "recall": 0.0}}, "argument_type_metrics_per_class": {"PerpInd": {"f1": 0.11764705882352941, "precision": 0.6, "recall": 0.06521739130434782}, "PerpOrg": {"f1": 0.13953488372093026, "precision": 0.75, "recall": 0.07692307692307693}, "Target": {"f1": 0.2857142857142857, "precision": 0.8, "recall": 0.17391304347826086}, "Victim": {"f1": 0.5, "precision": 0.6666666666666666, "recall": 0.4}, "Weapon": {"f1": 0.0, "precision": 0.0, "recall": 0.0}, "Triggers": {"f1": 0.35714285714285715, "precision": 0.7142857142857143, "recall": 0.23809523809523808}}}