{"overall_f1": 0.6060606060606061, "overall_precision": 0.576271186440678, "overall_recall": 0.6390977443609023, "event_type_f1": 0.8920863309352518, "event_type_precision": 1.0, "event_type_recall": 0.8051948051948052, "argument_f1": 0.5118483412322274, "argument_precision": 0.782608695652174, "argument_recall": 0.38028169014084506, "event_type_metrics_per_class": {"attack": {"f1": 0.8620689655172413, "precision": 1.0, "recall": 0.7575757575757576}, "bombing": {"f1": 0.923076923076923, "precision": 1.0, "recall": 0.8571428571428571}, "kidnapping": {"f1": 0.9090909090909091, "precision": 1.0, "recall": 0.8333333333333334}, "arson": {"f1": 1.0, "precision": 1.0, "recall": 1.0}, "forced work stoppage": {"f1": 0.0, "precision": 0.0, "recall": 0.0}, "robbery": {"f1": 0.0, "precision": 0.0, "recall": 0.0}}, "argument_type_metrics_per_class": {"PerpInd": {"f1": 0.31683168316831684, "precision": 0.64, "recall": 0.21052631578947367}, "PerpOrg": {"f1": 0.5822784810126583, "precision": 0.7931034482758621, "recall": 0.46}, "Target": {"f1": 0.49090909090909085, "precision": 0.8181818181818182, "recall": 0.35064935064935066}, "Victim": {"f1": 0.5937499999999999, "precision": 0.7916666666666666, "recall": 0.475}, "Weapon": {"f1": 0.6764705882352942, "precision": 0.8518518518518519, "recall": 0.5609756097560976}, "Triggers": {"f1": 0.775, "precision": 1.0, "recall": 0.6326530612244898}}}