{"overall_f1": 0.4338461538461538, "overall_precision": 0.6077586206896551, "overall_recall": 0.3373205741626794, "event_type_f1": 0.5379310344827586, "event_type_precision": 0.7959183673469388, "event_type_recall": 0.40625, "argument_f1": 0.40396039603960393, "argument_precision": 0.6845637583892618, "argument_recall": 0.28651685393258425, "event_type_metrics_per_class": {"attack": {"f1": 0.45161290322580644, "precision": 0.7, "recall": 0.3333333333333333}, "bombing": {"f1": 0.6285714285714286, "precision": 0.8461538461538461, "recall": 0.5}, "kidnapping": {"f1": 0.4444444444444445, "precision": 1.0, "recall": 0.2857142857142857}, "arson": {"f1": 0.6666666666666666, "precision": 1.0, "recall": 0.5}, "forced work stoppage": {"f1": 0.0, "precision": 0.0, "recall": 0.0}, "robbery": {"f1": 0.0, "precision": 0.0, "recall": 0.0}}, "argument_type_metrics_per_class": {"PerpInd": {"f1": 0.29457364341085274, "precision": 0.59375, "recall": 0.1958762886597938}, "PerpOrg": {"f1": 0.4081632653061224, "precision": 0.8, "recall": 0.273972602739726}, "Target": {"f1": 0.41791044776119407, "precision": 0.6086956521739131, "recall": 0.3181818181818182}, "Victim": {"f1": 0.5833333333333334, "precision": 0.875, "recall": 0.4375}, "Weapon": {"f1": 0.3888888888888889, "precision": 0.6363636363636364, "recall": 0.28}, "Triggers": {"f1": 0.44198895027624313, "precision": 0.851063829787234, "recall": 0.29850746268656714}}}