{"overall_f1": 0.484472049689441, "overall_precision": 0.5611510791366906, "overall_recall": 0.4262295081967213, "event_type_f1": 0.7225806451612903, "event_type_precision": 0.9491525423728814, "event_type_recall": 0.5833333333333334, "argument_f1": 0.40899795501022496, "argument_precision": 0.7518796992481203, "argument_recall": 0.2808988764044944, "event_type_metrics_per_class": {"attack": {"f1": 0.65625, "precision": 0.9545454545454546, "recall": 0.5}, "bombing": {"f1": 0.7567567567567568, "precision": 0.9333333333333333, "recall": 0.6363636363636364}, "kidnapping": {"f1": 0.923076923076923, "precision": 1.0, "recall": 0.8571428571428571}, "arson": {"f1": 0.6666666666666666, "precision": 1.0, "recall": 0.5}, "forced work stoppage": {"f1": 0.0, "precision": 0.0, "recall": 0.0}, "robbery": {"f1": 0.0, "precision": 0.0, "recall": 0.0}}, "argument_type_metrics_per_class": {"PerpInd": {"f1": 0.3414634146341464, "precision": 0.8076923076923077, "recall": 0.21649484536082475}, "PerpOrg": {"f1": 0.30769230769230765, "precision": 0.7777777777777778, "recall": 0.1917808219178082}, "Target": {"f1": 0.4210526315789474, "precision": 0.6222222222222222, "recall": 0.3181818181818182}, "Victim": {"f1": 0.5, "precision": 0.85, "recall": 0.3541666666666667}, "Weapon": {"f1": 0.5405405405405406, "precision": 0.8333333333333334, "recall": 0.4}, "Triggers": {"f1": 0.5310734463276836, "precision": 0.8392857142857143, "recall": 0.3884297520661157}}}