{"overall_f1": 0.3905325443786982, "overall_precision": 0.4230769230769231, "overall_recall": 0.3626373626373626, "event_type_f1": 0.7547169811320754, "event_type_precision": 0.8695652173913043, "event_type_recall": 0.6666666666666666, "argument_f1": 0.2241379310344828, "argument_precision": 0.30952380952380953, "argument_recall": 0.17567567567567569, "event_type_metrics_per_class": {"attack": {"f1": 0.7727272727272727, "precision": 0.8947368421052632, "recall": 0.68}, "bombing": {"f1": 0.75, "precision": 0.75, "recall": 0.75}, "kidnapping": {"f1": 0.0, "precision": 0.0, "recall": 0.0}, "arson": {"f1": 0.0, "precision": 0.0, "recall": 0.0}, "forced work stoppage": {"f1": 0.0, "precision": 0.0, "recall": 0.0}, "robbery": {"f1": 0.0, "precision": 0.0, "recall": 0.0}}, "argument_type_metrics_per_class": {"PerpInd": {"f1": 0.125, "precision": 0.16666666666666666, "recall": 0.1}, "PerpOrg": {"f1": 0.2857142857142857, "precision": 0.4444444444444444, "recall": 0.21052631578947367}, "Target": {"f1": 0.16, "precision": 0.5, "recall": 0.09523809523809523}, "Victim": {"f1": 0.3846153846153846, "precision": 0.3333333333333333, "recall": 0.45454545454545453}, "Weapon": {"f1": 0.0, "precision": 0.0, "recall": 0.0}, "Triggers": {"f1": 0.6792452830188679, "precision": 0.782608695652174, "recall": 0.6}}}