{"overall_f1": 0.2916666666666667, "overall_precision": 0.3088235294117647, "overall_recall": 0.27631578947368424, "event_type_f1": 0.64, "event_type_precision": 0.8, "event_type_recall": 0.5333333333333333, "argument_f1": 0.10638297872340427, "argument_precision": 0.25, "argument_recall": 0.06756756756756757, "event_type_metrics_per_class": {"attack": {"f1": 0.6666666666666666, "precision": 0.8235294117647058, "recall": 0.56}, "bombing": {"f1": 0.5714285714285715, "precision": 0.6666666666666666, "recall": 0.5}, "kidnapping": {"f1": 0.0, "precision": 0.0, "recall": 0.0}, "arson": {"f1": 0.0, "precision": 0.0, "recall": 0.0}, "forced work stoppage": {"f1": 0.0, "precision": 0.0, "recall": 0.0}, "robbery": {"f1": 0.0, "precision": 0.0, "recall": 0.0}}, "argument_type_metrics_per_class": {"PerpInd": {"f1": 0.07407407407407408, "precision": 0.14285714285714285, "recall": 0.05}, "PerpOrg": {"f1": 0.16, "precision": 0.3333333333333333, "recall": 0.10526315789473684}, "Target": {"f1": 0.0909090909090909, "precision": 1.0, "recall": 0.047619047619047616}, "Victim": {"f1": 0.12500000000000003, "precision": 0.2, "recall": 0.09090909090909091}, "Weapon": {"f1": 0.0, "precision": 0.0, "recall": 0.0}, "Triggers": {"f1": 0.5199999999999999, "precision": 0.65, "recall": 0.43333333333333335}}}