{"overall_f1": 0.18487394957983191, "overall_precision": 0.55, "overall_recall": 0.1111111111111111, "event_type_f1": 0.32432432432432434, "event_type_precision": 0.8571428571428571, "event_type_recall": 0.2, "argument_f1": 0.12195121951219512, "argument_precision": 0.625, "argument_recall": 0.06756756756756757, "event_type_metrics_per_class": {"attack": {"f1": 0.375, "precision": 0.8571428571428571, "recall": 0.24}, "bombing": {"f1": 0.0, "precision": 0.0, "recall": 0.0}, "kidnapping": {"f1": 0.0, "precision": 0.0, "recall": 0.0}, "arson": {"f1": 0.0, "precision": 0.0, "recall": 0.0}, "forced work stoppage": {"f1": 0.0, "precision": 0.0, "recall": 0.0}, "robbery": {"f1": 0.0, "precision": 0.0, "recall": 0.0}}, "argument_type_metrics_per_class": {"PerpInd": {"f1": 0.09523809523809523, "precision": 1.0, "recall": 0.05}, "PerpOrg": {"f1": 0.1, "precision": 1.0, "recall": 0.05263157894736842}, "Target": {"f1": 0.0, "precision": 0.0, "recall": 0.0}, "Victim": {"f1": 0.37499999999999994, "precision": 0.6, "recall": 0.2727272727272727}, "Weapon": {"f1": 0.0, "precision": 0.0, "recall": 0.0}, "Triggers": {"f1": 0.32432432432432434, "precision": 0.8571428571428571, "recall": 0.2}}}