{"overall_f1": 0.6886446886446888, "overall_precision": 0.618421052631579, "overall_recall": 0.7768595041322314, "event_type_f1": 0.9855072463768115, "event_type_precision": 1.0, "event_type_recall": 0.9714285714285714, "argument_f1": 0.5882352941176471, "argument_precision": 0.7228915662650602, "argument_recall": 0.49586776859504134, "event_type_metrics_per_class": {"attack": {"f1": 0.967741935483871, "precision": 1.0, "recall": 0.9375}, "bombing": {"f1": 1.0, "precision": 1.0, "recall": 1.0}, "kidnapping": {"f1": 1.0, "precision": 1.0, "recall": 1.0}, "arson": {"f1": 1.0, "precision": 1.0, "recall": 1.0}, "forced work stoppage": {"f1": 0.0, "precision": 0.0, "recall": 0.0}, "robbery": {"f1": 0.0, "precision": 0.0, "recall": 0.0}}, "argument_type_metrics_per_class": {"PerpInd": {"f1": 0.4897959183673469, "precision": 0.6666666666666666, "recall": 0.3870967741935484}, "PerpOrg": {"f1": 0.6341463414634146, "precision": 0.7222222222222222, "recall": 0.5652173913043478}, "Target": {"f1": 0.5185185185185185, "precision": 0.6666666666666666, "recall": 0.42424242424242425}, "Victim": {"f1": 0.625, "precision": 0.6666666666666666, "recall": 0.5882352941176471}, "Weapon": {"f1": 0.7857142857142858, "precision": 1.0, "recall": 0.6470588235294118}, "Triggers": {"f1": 0.9275362318840579, "precision": 0.9411764705882353, "recall": 0.9142857142857143}}}