{"overall_f1": 0.6215139442231076, "overall_precision": 0.5777777777777777, "overall_recall": 0.6724137931034483, "event_type_f1": 0.8125, "event_type_precision": 0.896551724137931, "event_type_recall": 0.7428571428571429, "argument_f1": 0.5561497326203207, "argument_precision": 0.7878787878787878, "argument_recall": 0.4297520661157025, "event_type_metrics_per_class": {"attack": {"f1": 0.6896551724137931, "precision": 0.7692307692307693, "recall": 0.625}, "bombing": {"f1": 0.9090909090909091, "precision": 1.0, "recall": 0.8333333333333334}, "kidnapping": {"f1": 1.0, "precision": 1.0, "recall": 1.0}, "arson": {"f1": 0.6666666666666666, "precision": 1.0, "recall": 0.5}, "forced work stoppage": {"f1": 0.0, "precision": 0.0, "recall": 0.0}, "robbery": {"f1": 0.0, "precision": 0.0, "recall": 0.0}}, "argument_type_metrics_per_class": {"PerpInd": {"f1": 0.608695652173913, "precision": 0.9333333333333333, "recall": 0.45161290322580644}, "PerpOrg": {"f1": 0.5, "precision": 0.8888888888888888, "recall": 0.34782608695652173}, "Target": {"f1": 0.46153846153846156, "precision": 0.631578947368421, "recall": 0.36363636363636365}, "Victim": {"f1": 0.6206896551724139, "precision": 0.75, "recall": 0.5294117647058824}, "Weapon": {"f1": 0.6428571428571428, "precision": 0.8181818181818182, "recall": 0.5294117647058824}, "Triggers": {"f1": 0.8125, "precision": 0.896551724137931, "recall": 0.7428571428571429}}}