{"overall_f1": 0.619047619047619, "overall_precision": 0.5777777777777777, "overall_recall": 0.6666666666666666, "event_type_f1": 0.7812500000000001, "event_type_precision": 0.8620689655172413, "event_type_recall": 0.7142857142857143, "argument_f1": 0.5638297872340425, "argument_precision": 0.7910447761194029, "argument_recall": 0.4380165289256198, "event_type_metrics_per_class": {"attack": {"f1": 0.6666666666666666, "precision": 0.7142857142857143, "recall": 0.625}, "bombing": {"f1": 0.9090909090909091, "precision": 1.0, "recall": 0.8333333333333334}, "kidnapping": {"f1": 1.0, "precision": 1.0, "recall": 1.0}, "arson": {"f1": 0.0, "precision": 0.0, "recall": 0.0}, "forced work stoppage": {"f1": 0.0, "precision": 0.0, "recall": 0.0}, "robbery": {"f1": 0.0, "precision": 0.0, "recall": 0.0}}, "argument_type_metrics_per_class": {"PerpInd": {"f1": 0.6382978723404255, "precision": 0.9375, "recall": 0.4838709677419355}, "PerpOrg": {"f1": 0.5, "precision": 0.8888888888888888, "recall": 0.34782608695652173}, "Target": {"f1": 0.46153846153846156, "precision": 0.631578947368421, "recall": 0.36363636363636365}, "Victim": {"f1": 0.6206896551724139, "precision": 0.75, "recall": 0.5294117647058824}, "Weapon": {"f1": 0.6428571428571428, "precision": 0.8181818181818182, "recall": 0.5294117647058824}, "Triggers": {"f1": 0.7812500000000001, "precision": 0.8620689655172413, "recall": 0.7142857142857143}}}