{"overall_f1": 0.5726495726495726, "overall_precision": 0.5447154471544715, "overall_recall": 0.6036036036036037, "event_type_f1": 0.819672131147541, "event_type_precision": 0.9615384615384616, "event_type_recall": 0.7142857142857143, "argument_f1": 0.4855491329479769, "argument_precision": 0.8076923076923077, "argument_recall": 0.34710743801652894, "event_type_metrics_per_class": {"attack": {"f1": 0.64, "precision": 0.8888888888888888, "recall": 0.5}, "bombing": {"f1": 0.9565217391304348, "precision": 1.0, "recall": 0.9166666666666666}, "kidnapping": {"f1": 0.888888888888889, "precision": 1.0, "recall": 0.8}, "arson": {"f1": 1.0, "precision": 1.0, "recall": 1.0}, "forced work stoppage": {"f1": 0.0, "precision": 0.0, "recall": 0.0}, "robbery": {"f1": 0.0, "precision": 0.0, "recall": 0.0}}, "argument_type_metrics_per_class": {"PerpInd": {"f1": 0.41025641025641024, "precision": 1.0, "recall": 0.25806451612903225}, "PerpOrg": {"f1": 0.4516129032258065, "precision": 0.875, "recall": 0.30434782608695654}, "Target": {"f1": 0.40816326530612246, "precision": 0.625, "recall": 0.30303030303030304}, "Victim": {"f1": 0.5925925925925927, "precision": 0.8, "recall": 0.47058823529411764}, "Weapon": {"f1": 0.6666666666666667, "precision": 0.9, "recall": 0.5294117647058824}, "Triggers": {"f1": 0.819672131147541, "precision": 0.9615384615384616, "recall": 0.7142857142857143}}}