{"overall_f1": 0.1904761904761905, "overall_precision": 0.16666666666666666, "overall_recall": 0.2222222222222222, "event_type_f1": 0.8, "event_type_precision": 1.0, "event_type_recall": 0.6666666666666666, "argument_f1": 0.10810810810810811, "argument_precision": 0.4, "argument_recall": 0.0625, "event_type_metrics_per_class": {"attack": {"f1": 0.8, "precision": 1.0, "recall": 0.6666666666666666}, "bombing": {"f1": 0.0, "precision": 0.0, "recall": 0.0}, "kidnapping": {"f1": 0.0, "precision": 0.0, "recall": 0.0}, "arson": {"f1": 0.0, "precision": 0.0, "recall": 0.0}, "forced work stoppage": {"f1": 0.0, "precision": 0.0, "recall": 0.0}, "robbery": {"f1": 0.0, "precision": 0.0, "recall": 0.0}}, "argument_type_metrics_per_class": {"PerpInd": {"f1": 0.3333333333333333, "precision": 0.5, "recall": 0.25}, "PerpOrg": {"f1": 0.28571428571428575, "precision": 0.3333333333333333, "recall": 0.25}, "Target": {"f1": 0.0, "precision": 0.0, "recall": 0.0}, "Victim": {"f1": 0.0, "precision": 0.0, "recall": 0.0}, "Weapon": {"f1": 0.0, "precision": 0.0, "recall": 0.0}, "Triggers": {"f1": 0.5, "precision": 1.0, "recall": 0.3333333333333333}}}