{"overall_f1": 0.6666666666666666, "overall_precision": 0.7479674796747967, "overall_recall": 0.6013071895424836, "event_type_f1": 0.7755102040816326, "event_type_precision": 0.9047619047619048, "event_type_recall": 0.6785714285714286, "argument_f1": 0.6067415730337078, "argument_precision": 0.7105263157894737, "argument_recall": 0.5294117647058824, "event_type_metrics_per_class": {"attack": {"f1": 0.8285714285714285, "precision": 0.9666666666666667, "recall": 0.725}, "bombing": {"f1": 0.7272727272727272, "precision": 0.8, "recall": 0.6666666666666666}, "kidnapping": {"f1": 0.5, "precision": 0.5, "recall": 0.5}, "arson": {"f1": 0.0, "precision": 0.0, "recall": 0.0}, "forced work stoppage": {"f1": 0.0, "precision": 0.0, "recall": 0.0}, "robbery": {"f1": 0.0, "precision": 0.0, "recall": 0.0}}, "argument_type_metrics_per_class": {"PerpInd": {"f1": 0.6666666666666666, "precision": 0.8, "recall": 0.5714285714285714}, "PerpOrg": {"f1": 0.6451612903225806, "precision": 0.6666666666666666, "recall": 0.625}, "Target": {"f1": 0.5384615384615385, "precision": 0.6363636363636364, "recall": 0.4666666666666667}, "Victim": {"f1": 0.5357142857142857, "precision": 0.6521739130434783, "recall": 0.45454545454545453}, "Weapon": {"f1": 0.7058823529411764, "precision": 0.8571428571428571, "recall": 0.6}, "Triggers": {"f1": 0.2222222222222222, "precision": 0.2857142857142857, "recall": 0.18181818181818182}}}