{"overall_f1": 0.6962962962962963, "overall_precision": 0.7704918032786885, "overall_recall": 0.6351351351351351, "event_type_f1": 0.8247422680412371, "event_type_precision": 0.975609756097561, "event_type_recall": 0.7142857142857143, "argument_f1": 0.6242774566473989, "argument_precision": 0.7605633802816901, "argument_recall": 0.5294117647058824, "event_type_metrics_per_class": {"attack": {"f1": 0.8405797101449275, "precision": 1.0, "recall": 0.725}, "bombing": {"f1": 0.8181818181818182, "precision": 0.9, "recall": 0.75}, "kidnapping": {"f1": 1.0, "precision": 1.0, "recall": 1.0}, "arson": {"f1": 0.0, "precision": 0.0, "recall": 0.0}, "forced work stoppage": {"f1": 0.0, "precision": 0.0, "recall": 0.0}, "robbery": {"f1": 0.0, "precision": 0.0, "recall": 0.0}}, "argument_type_metrics_per_class": {"PerpInd": {"f1": 0.6382978723404255, "precision": 0.7894736842105263, "recall": 0.5357142857142857}, "PerpOrg": {"f1": 0.6428571428571429, "precision": 0.75, "recall": 0.5625}, "Target": {"f1": 0.56, "precision": 0.7, "recall": 0.4666666666666667}, "Victim": {"f1": 0.631578947368421, "precision": 0.75, "recall": 0.5454545454545454}, "Weapon": {"f1": 0.625, "precision": 0.8333333333333334, "recall": 0.5}, "Triggers": {"f1": 0.33333333333333326, "precision": 0.42857142857142855, "recall": 0.2727272727272727}}}