{"overall_f1": 0.5128205128205128, "overall_precision": 0.8, "overall_recall": 0.37735849056603776, "event_type_f1": 0.617283950617284, "event_type_precision": 1.0, "event_type_recall": 0.44642857142857145, "argument_f1": 0.4575163398692811, "argument_precision": 0.6862745098039216, "argument_recall": 0.3431372549019608, "event_type_metrics_per_class": {"attack": {"f1": 0.6206896551724138, "precision": 1.0, "recall": 0.45}, "bombing": {"f1": 0.6666666666666666, "precision": 1.0, "recall": 0.5}, "kidnapping": {"f1": 0.6666666666666666, "precision": 1.0, "recall": 0.5}, "arson": {"f1": 0.0, "precision": 0.0, "recall": 0.0}, "forced work stoppage": {"f1": 0.0, "precision": 0.0, "recall": 0.0}, "robbery": {"f1": 0.0, "precision": 0.0, "recall": 0.0}}, "argument_type_metrics_per_class": {"PerpInd": {"f1": 0.4390243902439025, "precision": 0.6923076923076923, "recall": 0.32142857142857145}, "PerpOrg": {"f1": 0.38461538461538464, "precision": 0.5, "recall": 0.3125}, "Target": {"f1": 0.47619047619047616, "precision": 0.8333333333333334, "recall": 0.3333333333333333}, "Victim": {"f1": 0.5384615384615385, "precision": 0.7368421052631579, "recall": 0.42424242424242425}, "Weapon": {"f1": 0.30769230769230765, "precision": 0.6666666666666666, "recall": 0.2}, "Triggers": {"f1": 0.42857142857142855, "precision": 1.0, "recall": 0.2727272727272727}}}