{"overall_f1": 0.5213675213675214, "overall_precision": 0.8133333333333334, "overall_recall": 0.3836477987421384, "event_type_f1": 0.5822784810126582, "event_type_precision": 1.0, "event_type_recall": 0.4107142857142857, "argument_f1": 0.4903225806451614, "argument_precision": 0.7169811320754716, "argument_recall": 0.37254901960784315, "event_type_metrics_per_class": {"attack": {"f1": 0.5185185185185185, "precision": 1.0, "recall": 0.35}, "bombing": {"f1": 0.7368421052631579, "precision": 1.0, "recall": 0.5833333333333334}, "kidnapping": {"f1": 1.0, "precision": 1.0, "recall": 1.0}, "arson": {"f1": 0.0, "precision": 0.0, "recall": 0.0}, "forced work stoppage": {"f1": 0.0, "precision": 0.0, "recall": 0.0}, "robbery": {"f1": 0.0, "precision": 0.0, "recall": 0.0}}, "argument_type_metrics_per_class": {"PerpInd": {"f1": 0.5454545454545454, "precision": 0.75, "recall": 0.42857142857142855}, "PerpOrg": {"f1": 0.2727272727272727, "precision": 0.5, "recall": 0.1875}, "Target": {"f1": 0.47619047619047616, "precision": 0.8333333333333334, "recall": 0.3333333333333333}, "Victim": {"f1": 0.5454545454545454, "precision": 0.6818181818181818, "recall": 0.45454545454545453}, "Weapon": {"f1": 0.4615384615384615, "precision": 1.0, "recall": 0.3}, "Triggers": {"f1": 0.625, "precision": 1.0, "recall": 0.45454545454545453}}}