{"overall_f1": 0.4691358024691357, "overall_precision": 0.36538461538461536, "overall_recall": 0.6551724137931034, "event_type_f1": 0.8666666666666666, "event_type_precision": 0.9285714285714286, "event_type_recall": 0.8125, "argument_f1": 0.3787878787878788, "argument_precision": 0.8333333333333334, "argument_recall": 0.24509803921568626, "event_type_metrics_per_class": {"attack": {"f1": 0.8571428571428571, "precision": 1.0, "recall": 0.75}, "bombing": {"f1": 1.0, "precision": 1.0, "recall": 1.0}, "kidnapping": {"f1": 0.5, "precision": 0.5, "recall": 0.5}, "arson": {"f1": 1.0, "precision": 1.0, "recall": 1.0}, "forced work stoppage": {"f1": 0.0, "precision": 0.0, "recall": 0.0}, "robbery": {"f1": 0.0, "precision": 0.0, "recall": 0.0}}, "argument_type_metrics_per_class": {"PerpInd": {"f1": 0.17142857142857143, "precision": 1.0, "recall": 0.09375}, "PerpOrg": {"f1": 0.0, "precision": 0.0, "recall": 0.0}, "Target": {"f1": 0.43478260869565216, "precision": 0.9090909090909091, "recall": 0.2857142857142857}, "Victim": {"f1": 0.6666666666666666, "precision": 1.0, "recall": 0.5}, "Weapon": {"f1": 0.761904761904762, "precision": 0.8888888888888888, "recall": 0.6666666666666666}, "Triggers": {"f1": 0.5, "precision": 0.5, "recall": 0.5}}}