{"overall_f1": 0.3829787234042554, "overall_precision": 0.3103448275862069, "overall_recall": 0.5, "event_type_f1": 0.8000000000000002, "event_type_precision": 0.8, "event_type_recall": 0.8, "argument_f1": 0.2702702702702703, "argument_precision": 0.5555555555555556, "argument_recall": 0.17857142857142858, "event_type_metrics_per_class": {"attack": {"f1": 0.8, "precision": 1.0, "recall": 0.6666666666666666}, "bombing": {"f1": 0.8, "precision": 0.6666666666666666, "recall": 1.0}, "kidnapping": {"f1": 0.0, "precision": 0.0, "recall": 0.0}, "arson": {"f1": 0.0, "precision": 0.0, "recall": 0.0}, "forced work stoppage": {"f1": 0.0, "precision": 0.0, "recall": 0.0}, "robbery": {"f1": 0.0, "precision": 0.0, "recall": 0.0}}, "argument_type_metrics_per_class": {"PerpInd": {"f1": 0.4, "precision": 0.6666666666666666, "recall": 0.2857142857142857}, "PerpOrg": {"f1": 0.0, "precision": 0.0, "recall": 0.0}, "Target": {"f1": 0.125, "precision": 0.3333333333333333, "recall": 0.07692307692307693}, "Victim": {"f1": 0.0, "precision": 0.0, "recall": 0.0}, "Weapon": {"f1": 1.0, "precision": 1.0, "recall": 1.0}, "Triggers": {"f1": 0.0, "precision": 0.0, "recall": 0.0}}}