{"overall_f1": 0.29370629370629375, "overall_precision": 0.3442622950819672, "overall_recall": 0.25609756097560976, "event_type_f1": 0.6666666666666666, "event_type_precision": 1.0, "event_type_recall": 0.5, "argument_f1": 0.21848739495798317, "argument_precision": 0.7647058823529411, "argument_recall": 0.12745098039215685, "event_type_metrics_per_class": {"attack": {"f1": 0.6666666666666666, "precision": 1.0, "recall": 0.5}, "bombing": {"f1": 0.7499999999999999, "precision": 1.0, "recall": 0.6}, "kidnapping": {"f1": 0.6666666666666666, "precision": 1.0, "recall": 0.5}, "arson": {"f1": 0.0, "precision": 0.0, "recall": 0.0}, "forced work stoppage": {"f1": 0.0, "precision": 0.0, "recall": 0.0}, "robbery": {"f1": 0.0, "precision": 0.0, "recall": 0.0}}, "argument_type_metrics_per_class": {"PerpInd": {"f1": 0.358974358974359, "precision": 1.0, "recall": 0.21875}, "PerpOrg": {"f1": 0.2, "precision": 0.4, "recall": 0.13333333333333333}, "Target": {"f1": 0.15384615384615383, "precision": 0.75, "recall": 0.08571428571428572}, "Victim": {"f1": 0.2222222222222222, "precision": 1.0, "recall": 0.125}, "Weapon": {"f1": 0.0, "precision": 0.0, "recall": 0.0}, "Triggers": {"f1": 0.5, "precision": 0.5, "recall": 0.5}}}