{"overall_f1": 0.5915492957746479, "overall_precision": 0.75, "overall_recall": 0.4883720930232558, "event_type_f1": 0.8, "event_type_precision": 1.0, "event_type_recall": 0.6666666666666666, "argument_f1": 0.5098039215686274, "argument_precision": 0.52, "argument_recall": 0.5, "event_type_metrics_per_class": {"attack": {"f1": 0.8, "precision": 1.0, "recall": 0.6666666666666666}, "bombing": {"f1": 0.6666666666666666, "precision": 1.0, "recall": 0.5}, "kidnapping": {"f1": 1.0, "precision": 1.0, "recall": 1.0}, "arson": {"f1": 0.0, "precision": 0.0, "recall": 0.0}, "forced work stoppage": {"f1": 0.0, "precision": 0.0, "recall": 0.0}, "robbery": {"f1": 0.0, "precision": 0.0, "recall": 0.0}}, "argument_type_metrics_per_class": {"PerpInd": {"f1": 0.375, "precision": 0.375, "recall": 0.375}, "PerpOrg": {"f1": 0.8, "precision": 1.0, "recall": 0.6666666666666666}, "Target": {"f1": 0.0, "precision": 0.0, "recall": 0.0}, "Victim": {"f1": 0.5714285714285714, "precision": 0.46153846153846156, "recall": 0.75}, "Weapon": {"f1": 0.0, "precision": 0.0, "recall": 0.0}, "Triggers": {"f1": 0.7000000000000001, "precision": 0.875, "recall": 0.5833333333333334}}}