{"overall_f1": 0.47058823529411764, "overall_precision": 0.6, "overall_recall": 0.3870967741935484, "event_type_f1": 0.5882352941176471, "event_type_precision": 1.0, "event_type_recall": 0.4166666666666667, "argument_f1": 0.411764705882353, "argument_precision": 0.875, "argument_recall": 0.2692307692307692, "event_type_metrics_per_class": {"attack": {"f1": 0.6153846153846153, "precision": 1.0, "recall": 0.4444444444444444}, "bombing": {"f1": 0.0, "precision": 0.0, "recall": 0.0}, "kidnapping": {"f1": 1.0, "precision": 1.0, "recall": 1.0}, "arson": {"f1": 0.0, "precision": 0.0, "recall": 0.0}, "forced work stoppage": {"f1": 0.0, "precision": 0.0, "recall": 0.0}, "robbery": {"f1": 0.0, "precision": 0.0, "recall": 0.0}}, "argument_type_metrics_per_class": {"PerpInd": {"f1": 0.4, "precision": 1.0, "recall": 0.25}, "PerpOrg": {"f1": 0.0, "precision": 0.0, "recall": 0.0}, "Target": {"f1": 0.0, "precision": 0.0, "recall": 0.0}, "Victim": {"f1": 0.7142857142857143, "precision": 0.8333333333333334, "recall": 0.625}, "Weapon": {"f1": 0.0, "precision": 0.0, "recall": 0.0}, "Triggers": {"f1": 0.5882352941176471, "precision": 1.0, "recall": 0.4166666666666667}}}