{"overall_f1": 0.6545454545454545, "overall_precision": 0.6666666666666666, "overall_recall": 0.6428571428571429, "event_type_f1": 0.8333333333333334, "event_type_precision": 0.8333333333333334, "event_type_recall": 0.8333333333333334, "argument_f1": 0.6046511627906977, "argument_precision": 0.5909090909090909, "argument_recall": 0.6190476190476191, "event_type_metrics_per_class": {"attack": {"f1": 0.8, "precision": 1.0, "recall": 0.6666666666666666}, "bombing": {"f1": 1.0, "precision": 1.0, "recall": 1.0}, "kidnapping": {"f1": 0.6666666666666666, "precision": 0.5, "recall": 1.0}, "arson": {"f1": 0.0, "precision": 0.0, "recall": 0.0}, "forced work stoppage": {"f1": 0.0, "precision": 0.0, "recall": 0.0}, "robbery": {"f1": 0.0, "precision": 0.0, "recall": 0.0}}, "argument_type_metrics_per_class": {"PerpInd": {"f1": 0.75, "precision": 0.8571428571428571, "recall": 0.6666666666666666}, "PerpOrg": {"f1": 0.6, "precision": 0.6, "recall": 0.6}, "Target": {"f1": 0.0, "precision": 0.0, "recall": 0.0}, "Victim": {"f1": 0.5, "precision": 0.4, "recall": 0.6666666666666666}, "Weapon": {"f1": 0.6666666666666666, "precision": 0.5, "recall": 1.0}, "Triggers": {"f1": 0.8333333333333334, "precision": 0.8333333333333334, "recall": 0.8333333333333334}}}