{"overall_f1": 0.5306122448979592, "overall_precision": 0.4642857142857143, "overall_recall": 0.6190476190476191, "event_type_f1": 0.5, "event_type_precision": 0.5, "event_type_recall": 0.5, "argument_f1": 0.5405405405405405, "argument_precision": 0.625, "argument_recall": 0.47619047619047616, "event_type_metrics_per_class": {"attack": {"f1": 0.4, "precision": 0.5, "recall": 0.3333333333333333}, "bombing": {"f1": 0.6666666666666666, "precision": 1.0, "recall": 0.5}, "kidnapping": {"f1": 0.5, "precision": 0.3333333333333333, "recall": 1.0}, "arson": {"f1": 0.0, "precision": 0.0, "recall": 0.0}, "forced work stoppage": {"f1": 0.0, "precision": 0.0, "recall": 0.0}, "robbery": {"f1": 0.0, "precision": 0.0, "recall": 0.0}}, "argument_type_metrics_per_class": {"PerpInd": {"f1": 0.42857142857142855, "precision": 0.6, "recall": 0.3333333333333333}, "PerpOrg": {"f1": 0.5714285714285715, "precision": 1.0, "recall": 0.4}, "Target": {"f1": 0.0, "precision": 0.0, "recall": 0.0}, "Victim": {"f1": 0.6, "precision": 0.42857142857142855, "recall": 1.0}, "Weapon": {"f1": 1.0, "precision": 1.0, "recall": 1.0}, "Triggers": {"f1": 0.5, "precision": 0.5, "recall": 0.5}}}