{"overall_f1": 0.4773413897280967, "overall_precision": 0.47878787878787876, "overall_recall": 0.4759036144578313, "event_type_f1": 0.7515151515151515, "event_type_precision": 0.8985507246376812, "event_type_recall": 0.6458333333333334, "argument_f1": 0.38631790744466804, "argument_precision": 0.6808510638297872, "argument_recall": 0.2696629213483146, "event_type_metrics_per_class": {"attack": {"f1": 0.6666666666666666, "precision": 0.8, "recall": 0.5714285714285714}, "bombing": {"f1": 0.8, "precision": 0.967741935483871, "recall": 0.6818181818181818}, "kidnapping": {"f1": 1.0, "precision": 1.0, "recall": 1.0}, "arson": {"f1": 0.6666666666666666, "precision": 1.0, "recall": 0.5}, "forced work stoppage": {"f1": 0.0, "precision": 0.0, "recall": 0.0}, "robbery": {"f1": 0.0, "precision": 0.0, "recall": 0.0}}, "argument_type_metrics_per_class": {"PerpInd": {"f1": 0.3308270676691729, "precision": 0.6111111111111112, "recall": 0.2268041237113402}, "PerpOrg": {"f1": 0.3440860215053763, "precision": 0.8, "recall": 0.2191780821917808}, "Target": {"f1": 0.37398373983739835, "precision": 0.6571428571428571, "recall": 0.26136363636363635}, "Victim": {"f1": 0.4415584415584416, "precision": 0.5862068965517241, "recall": 0.3541666666666667}, "Weapon": {"f1": 0.5070422535211268, "precision": 0.8571428571428571, "recall": 0.36}, "Triggers": {"f1": 0.7636363636363634, "precision": 0.9130434782608695, "recall": 0.65625}}}