{"overall_f1": 0.4659270998415214, "overall_precision": 0.5404411764705882, "overall_recall": 0.40947075208913647, "event_type_f1": 0.7058823529411765, "event_type_precision": 0.9473684210526315, "event_type_recall": 0.5625, "argument_f1": 0.38912133891213385, "argument_precision": 0.7622950819672131, "argument_recall": 0.2612359550561798, "event_type_metrics_per_class": {"attack": {"f1": 0.6363636363636364, "precision": 0.875, "recall": 0.5}, "bombing": {"f1": 0.7246376811594203, "precision": 1.0, "recall": 0.5681818181818182}, "kidnapping": {"f1": 0.923076923076923, "precision": 1.0, "recall": 0.8571428571428571}, "arson": {"f1": 1.0, "precision": 1.0, "recall": 1.0}, "forced work stoppage": {"f1": 0.0, "precision": 0.0, "recall": 0.0}, "robbery": {"f1": 0.0, "precision": 0.0, "recall": 0.0}}, "argument_type_metrics_per_class": {"PerpInd": {"f1": 0.3, "precision": 0.782608695652174, "recall": 0.18556701030927836}, "PerpOrg": {"f1": 0.2696629213483146, "precision": 0.75, "recall": 0.1643835616438356}, "Target": {"f1": 0.3870967741935484, "precision": 0.6666666666666666, "recall": 0.2727272727272727}, "Victim": {"f1": 0.5789473684210527, "precision": 0.7857142857142857, "recall": 0.4583333333333333}, "Weapon": {"f1": 0.4927536231884058, "precision": 0.8947368421052632, "recall": 0.34}, "Triggers": {"f1": 0.6797385620915032, "precision": 0.9122807017543859, "recall": 0.5416666666666666}}}